[{"model": "admin.logentry", "pk": 1, "fields": {"action_time": "2021-11-30T14:19:00.545Z", "user": 1, "content_type": 7, "object_id": "1", "object_repr": "self.title", "action_flag": 1, "change_message": "[{\"added\": {}}]"}}, {"model": "admin.logentry", "pk": 2, "fields": {"action_time": "2021-11-30T14:50:53.089Z", "user": 1, "content_type": 7, "object_id": "1", "object_repr": "[모델소장/루즈핏]노멀 레더밴딩 카라 자켓", "action_flag": 2, "change_message": "[]"}}, {"model": "admin.logentry", "pk": 3, "fields": {"action_time": "2021-11-30T14:53:24.782Z", "user": 1, "content_type": 7, "object_id": "1", "object_repr": "[모델소장/루즈핏]노멀 레더밴딩 카라 자켓", "action_flag": 2, "change_message": "[]"}}, {"model": "admin.logentry", "pk": 4, "fields": {"action_time": "2021-11-30T14:55:02.693Z", "user": 1, "content_type": 7, "object_id": "1", "object_repr": "[모델소장/루즈핏]노멀 레더밴딩 카라 자켓", "action_flag": 2, "change_message": "[{\"changed\": {\"fields\": [\"Image\"]}}]"}}, {"model": "admin.logentry", "pk": 5, "fields": {"action_time": "2021-11-30T15:30:05.427Z", "user": 1, "content_type": 7, "object_id": "2", "object_repr": "back point satin OPS", "action_flag": 1, "change_message": "[{\"added\": {}}]"}}, {"model": "admin.logentry", "pk": 6, "fields": {"action_time": "2021-12-03T14:28:10.879Z", "user": 1, "content_type": 8, "object_id": "1", "object_repr": "XS", "action_flag": 1, "change_message": "[{\"added\": {}}]"}}, {"model": "admin.logentry", "pk": 7, "fields": {"action_time": "2021-12-03T14:28:19.051Z", "user": 1, "content_type": 8, "object_id": "2", "object_repr": "S", "action_flag": 1, "change_message": "[{\"added\": {}}]"}}, {"model": "admin.logentry", "pk": 8, "fields": {"action_time": "2021-12-03T14:28:22.640Z", "user": 1, "content_type": 8, "object_id": "3", "object_repr": "M", "action_flag": 1, "change_message": "[{\"added\": {}}]"}}, {"model": "admin.logentry", "pk": 9, "fields": {"action_time": "2021-12-03T14:28:25.596Z", "user": 1, "content_type": 8, "object_id": "4", "object_repr": "L", "action_flag": 1, "change_message": "[{\"added\": {}}]"}}, {"model": "admin.logentry", "pk": 10, "fields": {"action_time": "2021-12-03T14:28:29.164Z", "user": 1, "content_type": 8, "object_id": "5", "object_repr": "XL", "action_flag": 1, "change_message": "[{\"added\": {}}]"}}, {"model": "admin.logentry", "pk": 11, "fields": {"action_time": "2021-12-03T14:31:50.972Z", "user": 1, "content_type": 8, "object_id": "6", "object_repr": "FREE", "action_flag": 1, "change_message": "[{\"added\": {}}]"}}, {"model": "admin.logentry", "pk": 12, "fields": {"action_time": "2021-12-03T14:31:58.509Z", "user": 1, "content_type": 7, "object_id": "1", "object_repr": "[모델소장/루즈핏]노멀 레더밴딩 카라 자켓", "action_flag": 2, "change_message": "[{\"changed\": {\"fields\": [\"Sizes\"]}}]"}}, {"model": "admin.logentry", "pk": 13, "fields": {"action_time": "2021-12-03T14:32:02.558Z", "user": 1, "content_type": 7, "object_id": "2", "object_repr": "back point satin OPS", "action_flag": 2, "change_message": "[{\"changed\": {\"fields\": [\"Sizes\"]}}]"}}, {"model": "admin.logentry", "pk": 14, "fields": {"action_time": "2021-12-03T14:52:01.770Z", "user": 1, "content_type": 7, "object_id": "1", "object_repr": "[모델소장/루즈핏]노멀 레더밴딩 카라 자켓", "action_flag": 2, "change_message": "[{\"changed\": {\"fields\": [\"Inventory\"]}}]"}}, {"model": "admin.logentry", "pk": 15, "fields": {"action_time": "2021-12-03T14:52:05.721Z", "user": 1, "content_type": 7, "object_id": "2", "object_repr": "back point satin OPS", "action_flag": 2, "change_message": "[{\"changed\": {\"fields\": [\"Inventory\"]}}]"}}, {"model": "admin.logentry", "pk": 16, "fields": {"action_time": "2021-12-03T14:54:39.467Z", "user": 1, "content_type": 7, "object_id": "3", "object_repr": "톰 스트릿 카고 포켓 뒷 밴딩 롱 스커트 건빵 치마", "action_flag": 1, "change_message": "[{\"added\": {}}]"}}, {"model": "admin.logentry", "pk": 17, "fields": {"action_time": "2021-12-05T09:30:28.769Z", "user": 1, "content_type": 7, "object_id": "2", "object_repr": "back point satin OPS", "action_flag": 2, "change_message": "[{\"changed\": {\"fields\": [\"From url\"]}}]"}}, {"model": "admin.logentry", "pk": 18, "fields": {"action_time": "2021-12-05T10:23:10.762Z", "user": 1, "content_type": 7, "object_id": "2", "object_repr": "back point satin OPS", "action_flag": 2, "change_message": "[]"}}, {"model": "admin.logentry", "pk": 19, "fields": {"action_time": "2021-12-07T06:50:00.114Z", "user": 1, "content_type": 7, "object_id": "1", "object_repr": "[모델소장/루즈핏]노멀 레더밴딩 카라 자켓", "action_flag": 2, "change_message": "[{\"changed\": {\"fields\": [\"From url\"]}}]"}}, {"model": "admin.logentry", "pk": 20, "fields": {"action_time": "2021-12-07T06:58:51.850Z", "user": 1, "content_type": 7, "object_id": "3", "object_repr": "톰 스트릿 카고 포켓 뒷 밴딩 롱 스커트 건빵 치마", "action_flag": 2, "change_message": "[{\"changed\": {\"fields\": [\"From url\"]}}]"}}, {"model": "admin.logentry", "pk": 21, "fields": {"action_time": "2021-12-07T07:02:47.898Z", "user": 1, "content_type": 7, "object_id": "3", "object_repr": "톰 스트릿 카고 포켓 뒷 밴딩 롱 스커트 건빵 치마", "action_flag": 2, "change_message": "[]"}}, {"model": "admin.logentry", "pk": 22, "fields": {"action_time": "2021-12-07T07:10:04.731Z", "user": 1, "content_type": 7, "object_id": "3", "object_repr": "톰 스트릿 카고 포켓 뒷 밴딩 롱 스커트 건빵 치마", "action_flag": 2, "change_message": "[{\"changed\": {\"fields\": [\"From url\"]}}]"}}, {"model": "admin.logentry", "pk": 23, "fields": {"action_time": "2021-12-07T07:11:32.907Z", "user": 1, "content_type": 7, "object_id": "3", "object_repr": "톰 스트릿 카고 포켓 뒷 밴딩 롱 스커트 건빵 치마", "action_flag": 2, "change_message": "[{\"changed\": {\"fields\": [\"From url\"]}}]"}}, {"model": "admin.logentry", "pk": 24, "fields": {"action_time": "2021-12-07T07:12:14.531Z", "user": 1, "content_type": 7, "object_id": "3", "object_repr": "톰 스트릿 카고 포켓 뒷 밴딩 롱 스커트 건빵 치마", "action_flag": 2, "change_message": "[{\"changed\": {\"fields\": [\"From url\"]}}]"}}, {"model": "admin.logentry", "pk": 25, "fields": {"action_time": "2021-12-07T07:13:28.282Z", "user": 1, "content_type": 7, "object_id": "3", "object_repr": "톰 스트릿 카고 포켓 뒷 밴딩 롱 스커트 건빵 치마", "action_flag": 2, "change_message": "[{\"changed\": {\"fields\": [\"From url\"]}}]"}}, {"model": "admin.logentry", "pk": 26, "fields": {"action_time": "2021-12-07T07:15:45.490Z", "user": 1, "content_type": 7, "object_id": "3", "object_repr": "톰 스트릿 카고 포켓 뒷 밴딩 롱 스커트 건빵 치마", "action_flag": 2, "change_message": "[{\"changed\": {\"fields\": [\"From url\"]}}]"}}, {"model": "admin.logentry", "pk": 27, "fields": {"action_time": "2021-12-07T07:17:42.555Z", "user": 1, "content_type": 7, "object_id": "3", "object_repr": "6208 베이비돌 캉캉셔츠 미디원피스(3color)", "action_flag": 2, "change_message": "[{\"changed\": {\"fields\": [\"Name\", \"About\", \"Price\"]}}]"}}, {"model": "admin.logentry", "pk": 28, "fields": {"action_time": "2021-12-07T07:18:33.549Z", "user": 1, "content_type": 7, "object_id": "3", "object_repr": "6208 베이비돌 캉캉셔츠 미디원피스(3color)", "action_flag": 2, "change_message": "[{\"changed\": {\"fields\": [\"Image\"]}}]"}}, {"model": "admin.logentry", "pk": 29, "fields": {"action_time": "2021-12-07T07:34:00.852Z", "user": 1, "content_type": 7, "object_id": "2", "object_repr": "back point satin OPS", "action_flag": 2, "change_message": "[{\"changed\": {\"fields\": [\"About\"]}}]"}}, {"model": "admin.logentry", "pk": 30, "fields": {"action_time": "2021-12-07T07:38:21.697Z", "user": 1, "content_type": 7, "object_id": "3", "object_repr": "6208 베이비돌 캉캉셔츠 미디원피스(3color)", "action_flag": 2, "change_message": "[{\"changed\": {\"fields\": [\"About\"]}}]"}}, {"model": "admin.logentry", "pk": 31, "fields": {"action_time": "2021-12-07T07:38:28.409Z", "user": 1, "content_type": 7, "object_id": "1", "object_repr": "[모델소장/루즈핏]노멀 레더밴딩 카라 자켓", "action_flag": 2, "change_message": "[{\"changed\": {\"fields\": [\"About\"]}}]"}}, {"model": "admin.logentry", "pk": 32, "fields": {"action_time": "2021-12-07T07:47:58.121Z", "user": 1, "content_type": 7, "object_id": "4", "object_repr": "hairy maram fur CD", "action_flag": 1, "change_message": "[{\"added\": {}}]"}}, {"model": "admin.logentry", "pk": 33, "fields": {"action_time": "2021-12-07T07:51:04.545Z", "user": 1, "content_type": 7, "object_id": "4", "object_repr": "hairy maram fur CD", "action_flag": 2, "change_message": "[{\"changed\": {\"fields\": [\"About\"]}}]"}}, {"model": "admin.logentry", "pk": 34, "fields": {"action_time": "2021-12-07T08:05:51.291Z", "user": 1, "content_type": 7, "object_id": "5", "object_repr": "메리더블롱코트", "action_flag": 1, "change_message": "[{\"added\": {}}]"}}, {"model": "admin.logentry", "pk": 35, "fields": {"action_time": "2021-12-07T08:23:10.157Z", "user": 1, "content_type": 7, "object_id": "6", "object_repr": "밀키스웨이드BAG (2colors!)", "action_flag": 1, "change_message": "[{\"added\": {}}]"}}, {"model": "admin.logentry", "pk": 36, "fields": {"action_time": "2021-12-07T08:25:09.826Z", "user": 1, "content_type": 7, "object_id": "7", "object_repr": "소프트캐시브이넥니트 (4colors!)", "action_flag": 1, "change_message": "[{\"added\": {}}]"}}, {"model": "admin.logentry", "pk": 37, "fields": {"action_time": "2021-12-07T08:27:16.169Z", "user": 1, "content_type": 7, "object_id": "8", "object_repr": "퓨어플리츠롱 OPS (3colors!)", "action_flag": 1, "change_message": "[{\"added\": {}}]"}}, {"model": "admin.logentry", "pk": 38, "fields": {"action_time": "2021-12-07T08:29:06.868Z", "user": 1, "content_type": 7, "object_id": "9", "object_repr": "벨루아메리제인플랫슈즈", "action_flag": 1, "change_message": "[{\"added\": {}}]"}}, {"model": "admin.logentry", "pk": 39, "fields": {"action_time": "2021-12-07T08:30:39.771Z", "user": 1, "content_type": 7, "object_id": "10", "object_repr": "꽈배기레그워머 (3colors!)", "action_flag": 1, "change_message": "[{\"added\": {}}]"}}, {"model": "admin.logentry", "pk": 40, "fields": {"action_time": "2021-12-07T08:32:38.228Z", "user": 1, "content_type": 7, "object_id": "11", "object_repr": "(기획, DEJOU!) 허니듀숏패딩 (4colors!)", "action_flag": 1, "change_message": "[{\"added\": {}}]"}}, {"model": "admin.logentry", "pk": 41, "fields": {"action_time": "2021-12-07T08:39:26.113Z", "user": 1, "content_type": 7, "object_id": "12", "object_repr": "모헤어꽈배기카라가디건 (4colors!)", "action_flag": 1, "change_message": "[{\"added\": {}}]"}}, {"model": "admin.logentry", "pk": 42, "fields": {"action_time": "2021-12-07T08:42:01.891Z", "user": 1, "content_type": 7, "object_id": "13", "object_repr": "모던절개SK (4colors!)", "action_flag": 1, "change_message": "[{\"added\": {}}]"}}, {"model": "admin.logentry", "pk": 43, "fields": {"action_time": "2021-12-07T08:45:27.239Z", "user": 1, "content_type": 7, "object_id": "14", "object_repr": "(DEJOU!) 양기모오버조거PT (3colors!)", "action_flag": 1, "change_message": "[{\"added\": {}}]"}}, {"model": "admin.logentry", "pk": 44, "fields": {"action_time": "2021-12-07T08:47:49.920Z", "user": 1, "content_type": 7, "object_id": "15", "object_repr": "지브 물결 앙고라 니트", "action_flag": 1, "change_message": "[{\"added\": {}}]"}}, {"model": "admin.logentry", "pk": 45, "fields": {"action_time": "2021-12-07T10:29:05.739Z", "user": 1, "content_type": 9, "object_id": "1", "object_repr": "Company object (1)", "action_flag": 1, "change_message": "[{\"added\": {}}]"}}, {"model": "admin.logentry", "pk": 46, "fields": {"action_time": "2021-12-07T10:29:49.159Z", "user": 1, "content_type": 7, "object_id": "14", "object_repr": "(DEJOU!) 양기모오버조거PT (3colors!)", "action_flag": 2, "change_message": "[{\"changed\": {\"fields\": [\"Company\"]}}]"}}, {"model": "admin.logentry", "pk": 47, "fields": {"action_time": "2021-12-07T10:29:53.563Z", "user": 1, "content_type": 7, "object_id": "13", "object_repr": "모던절개SK (4colors!)", "action_flag": 2, "change_message": "[{\"changed\": {\"fields\": [\"Company\"]}}]"}}, {"model": "admin.logentry", "pk": 48, "fields": {"action_time": "2021-12-07T10:29:57.615Z", "user": 1, "content_type": 7, "object_id": "12", "object_repr": "모헤어꽈배기카라가디건 (4colors!)", "action_flag": 2, "change_message": "[{\"changed\": {\"fields\": [\"Company\"]}}]"}}, {"model": "admin.logentry", "pk": 49, "fields": {"action_time": "2021-12-07T10:30:05.190Z", "user": 1, "content_type": 7, "object_id": "11", "object_repr": "(기획, DEJOU!) 허니듀숏패딩 (4colors!)", "action_flag": 2, "change_message": "[{\"changed\": {\"fields\": [\"Company\"]}}]"}}, {"model": "admin.logentry", "pk": 50, "fields": {"action_time": "2021-12-07T10:30:10.116Z", "user": 1, "content_type": 7, "object_id": "10", "object_repr": "꽈배기레그워머 (3colors!)", "action_flag": 2, "change_message": "[{\"changed\": {\"fields\": [\"Company\"]}}]"}}, {"model": "admin.logentry", "pk": 51, "fields": {"action_time": "2021-12-07T10:30:14.821Z", "user": 1, "content_type": 7, "object_id": "9", "object_repr": "벨루아메리제인플랫슈즈", "action_flag": 2, "change_message": "[{\"changed\": {\"fields\": [\"Company\"]}}]"}}, {"model": "admin.logentry", "pk": 52, "fields": {"action_time": "2021-12-07T10:30:19.764Z", "user": 1, "content_type": 7, "object_id": "8", "object_repr": "퓨어플리츠롱 OPS (3colors!)", "action_flag": 2, "change_message": "[{\"changed\": {\"fields\": [\"Company\"]}}]"}}, {"model": "admin.logentry", "pk": 53, "fields": {"action_time": "2021-12-07T10:30:24.558Z", "user": 1, "content_type": 7, "object_id": "7", "object_repr": "소프트캐시브이넥니트 (4colors!)", "action_flag": 2, "change_message": "[{\"changed\": {\"fields\": [\"Company\"]}}]"}}, {"model": "admin.logentry", "pk": 54, "fields": {"action_time": "2021-12-07T10:30:28.505Z", "user": 1, "content_type": 7, "object_id": "6", "object_repr": "밀키스웨이드BAG (2colors!)", "action_flag": 2, "change_message": "[{\"changed\": {\"fields\": [\"Company\"]}}]"}}, {"model": "admin.logentry", "pk": 55, "fields": {"action_time": "2021-12-07T10:30:32.583Z", "user": 1, "content_type": 7, "object_id": "5", "object_repr": "메리더블롱코트", "action_flag": 2, "change_message": "[{\"changed\": {\"fields\": [\"Company\"]}}]"}}, {"model": "admin.logentry", "pk": 56, "fields": {"action_time": "2021-12-07T10:35:38.139Z", "user": 1, "content_type": 8, "object_id": "1", "object_repr": "Size object (1)", "action_flag": 1, "change_message": "[{\"added\": {}}]"}}, {"model": "admin.logentry", "pk": 57, "fields": {"action_time": "2021-12-07T10:36:09.105Z", "user": 1, "content_type": 8, "object_id": "2", "object_repr": "Medium", "action_flag": 1, "change_message": "[{\"added\": {}}]"}}, {"model": "admin.logentry", "pk": 58, "fields": {"action_time": "2021-12-07T10:36:20.372Z", "user": 1, "content_type": 8, "object_id": "3", "object_repr": "Large", "action_flag": 1, "change_message": "[{\"added\": {}}]"}}, {"model": "admin.logentry", "pk": 59, "fields": {"action_time": "2021-12-07T10:36:27.436Z", "user": 1, "content_type": 8, "object_id": "4", "object_repr": "Free", "action_flag": 1, "change_message": "[{\"added\": {}}]"}}, {"model": "admin.logentry", "pk": 60, "fields": {"action_time": "2021-12-07T10:36:39.092Z", "user": 1, "content_type": 7, "object_id": "14", "object_repr": "(DEJOU!) 양기모오버조거PT (3colors!)", "action_flag": 2, "change_message": "[{\"changed\": {\"fields\": [\"Size\"]}}]"}}, {"model": "admin.logentry", "pk": 61, "fields": {"action_time": "2021-12-07T10:36:47.464Z", "user": 1, "content_type": 7, "object_id": "13", "object_repr": "모던절개SK (4colors!)", "action_flag": 2, "change_message": "[{\"changed\": {\"fields\": [\"Size\"]}}]"}}, {"model": "admin.logentry", "pk": 62, "fields": {"action_time": "2021-12-07T10:37:29.099Z", "user": 1, "content_type": 7, "object_id": "12", "object_repr": "모헤어꽈배기카라가디건 (4colors!)", "action_flag": 2, "change_message": "[{\"changed\": {\"fields\": [\"Size\"]}}]"}}, {"model": "admin.logentry", "pk": 63, "fields": {"action_time": "2021-12-07T10:37:32.866Z", "user": 1, "content_type": 7, "object_id": "11", "object_repr": "(기획, DEJOU!) 허니듀숏패딩 (4colors!)", "action_flag": 2, "change_message": "[{\"changed\": {\"fields\": [\"Size\"]}}]"}}, {"model": "admin.logentry", "pk": 64, "fields": {"action_time": "2021-12-07T10:37:41.832Z", "user": 1, "content_type": 7, "object_id": "10", "object_repr": "꽈배기레그워머 (3colors!)", "action_flag": 2, "change_message": "[{\"changed\": {\"fields\": [\"Size\"]}}]"}}, {"model": "admin.logentry", "pk": 65, "fields": {"action_time": "2021-12-07T10:37:46.894Z", "user": 1, "content_type": 7, "object_id": "8", "object_repr": "퓨어플리츠롱 OPS (3colors!)", "action_flag": 2, "change_message": "[{\"changed\": {\"fields\": [\"Size\"]}}]"}}, {"model": "admin.logentry", "pk": 66, "fields": {"action_time": "2021-12-07T10:37:51.066Z", "user": 1, "content_type": 7, "object_id": "6", "object_repr": "밀키스웨이드BAG (2colors!)", "action_flag": 2, "change_message": "[{\"changed\": {\"fields\": [\"Size\"]}}]"}}, {"model": "admin.logentry", "pk": 67, "fields": {"action_time": "2021-12-07T10:37:54.824Z", "user": 1, "content_type": 7, "object_id": "5", "object_repr": "메리더블롱코트", "action_flag": 2, "change_message": "[{\"changed\": {\"fields\": [\"Size\"]}}]"}}, {"model": "admin.logentry", "pk": 68, "fields": {"action_time": "2021-12-07T10:49:26.669Z", "user": 1, "content_type": 10, "object_id": "1", "object_repr": "[데쥬(DEJOU)] - 멜란지", "action_flag": 1, "change_message": "[{\"added\": {}}]"}}, {"model": "admin.logentry", "pk": 69, "fields": {"action_time": "2021-12-07T10:49:32.948Z", "user": 1, "content_type": 10, "object_id": "2", "object_repr": "[데쥬(DEJOU)] - 그레이", "action_flag": 1, "change_message": "[{\"added\": {}}]"}}, {"model": "admin.logentry", "pk": 70, "fields": {"action_time": "2021-12-07T10:49:39.675Z", "user": 1, "content_type": 10, "object_id": "3", "object_repr": "[데쥬(DEJOU)] - 블랙", "action_flag": 1, "change_message": "[{\"added\": {}}]"}}, {"model": "admin.logentry", "pk": 71, "fields": {"action_time": "2021-12-07T10:49:52.519Z", "user": 1, "content_type": 10, "object_id": "4", "object_repr": "[데쥬(DEJOU)] - 크림", "action_flag": 1, "change_message": "[{\"added\": {}}]"}}, {"model": "admin.logentry", "pk": 72, "fields": {"action_time": "2021-12-07T10:49:57.631Z", "user": 1, "content_type": 10, "object_id": "5", "object_repr": "[데쥬(DEJOU)] - 베이지", "action_flag": 1, "change_message": "[{\"added\": {}}]"}}, {"model": "admin.logentry", "pk": 73, "fields": {"action_time": "2021-12-07T10:50:04.375Z", "user": 1, "content_type": 10, "object_id": "6", "object_repr": "[데쥬(DEJOU)] - 브라운", "action_flag": 1, "change_message": "[{\"added\": {}}]"}}, {"model": "admin.logentry", "pk": 74, "fields": {"action_time": "2021-12-07T10:50:16.777Z", "user": 1, "content_type": 10, "object_id": "7", "object_repr": "[데쥬(DEJOU)] - 핑크", "action_flag": 1, "change_message": "[{\"added\": {}}]"}}, {"model": "admin.logentry", "pk": 75, "fields": {"action_time": "2021-12-07T10:50:35.770Z", "user": 1, "content_type": 10, "object_id": "8", "object_repr": "[데쥬(DEJOU)] - 크림베이지", "action_flag": 1, "change_message": "[{\"added\": {}}]"}}, {"model": "admin.logentry", "pk": 76, "fields": {"action_time": "2021-12-07T10:50:41.651Z", "user": 1, "content_type": 10, "object_id": "9", "object_repr": "[데쥬(DEJOU)] - 그레이소라", "action_flag": 1, "change_message": "[{\"added\": {}}]"}}, {"model": "admin.logentry", "pk": 77, "fields": {"action_time": "2021-12-07T10:50:55.674Z", "user": 1, "content_type": 10, "object_id": "10", "object_repr": "[데쥬(DEJOU)] - 소라", "action_flag": 1, "change_message": "[{\"added\": {}}]"}}, {"model": "admin.logentry", "pk": 78, "fields": {"action_time": "2021-12-07T10:51:03.164Z", "user": 1, "content_type": 10, "object_id": "11", "object_repr": "[데쥬(DEJOU)] - 차콜", "action_flag": 1, "change_message": "[{\"added\": {}}]"}}, {"model": "admin.logentry", "pk": 79, "fields": {"action_time": "2021-12-07T10:56:31.472Z", "user": 1, "content_type": 7, "object_id": "14", "object_repr": "(DEJOU!) 양기모오버조거PT (3colors!)", "action_flag": 2, "change_message": "[{\"changed\": {\"fields\": [\"Color\"]}}]"}}, {"model": "admin.logentry", "pk": 80, "fields": {"action_time": "2021-12-07T11:05:08.657Z", "user": 1, "content_type": 7, "object_id": "14", "object_repr": "(DEJOU!) 양기모오버조거PT (3colors!)", "action_flag": 2, "change_message": "[]"}}, {"model": "admin.logentry", "pk": 81, "fields": {"action_time": "2021-12-07T11:05:18.199Z", "user": 1, "content_type": 7, "object_id": "13", "object_repr": "모던절개SK (4colors!)", "action_flag": 2, "change_message": "[{\"changed\": {\"fields\": [\"Color\"]}}]"}}, {"model": "admin.logentry", "pk": 82, "fields": {"action_time": "2021-12-07T11:05:43.535Z", "user": 1, "content_type": 7, "object_id": "12", "object_repr": "모헤어꽈배기카라가디건 (4colors!)", "action_flag": 2, "change_message": "[{\"changed\": {\"fields\": [\"Color\"]}}]"}}, {"model": "admin.logentry", "pk": 83, "fields": {"action_time": "2021-12-07T11:06:06.036Z", "user": 1, "content_type": 10, "object_id": "12", "object_repr": "[데쥬(DEJOU)] - 화이트", "action_flag": 1, "change_message": "[{\"added\": {}}]"}}, {"model": "admin.logentry", "pk": 84, "fields": {"action_time": "2021-12-07T11:06:23.975Z", "user": 1, "content_type": 7, "object_id": "11", "object_repr": "(기획, DEJOU!) 허니듀숏패딩 (4colors!)", "action_flag": 2, "change_message": "[{\"changed\": {\"fields\": [\"Color\"]}}]"}}, {"model": "admin.logentry", "pk": 85, "fields": {"action_time": "2021-12-07T11:38:07.894Z", "user": 1, "content_type": 7, "object_id": "10", "object_repr": "꽈배기레그워머 (3colors!)", "action_flag": 2, "change_message": "[{\"changed\": {\"fields\": [\"Color\"]}}]"}}, {"model": "admin.logentry", "pk": 86, "fields": {"action_time": "2021-12-07T11:38:40.512Z", "user": 1, "content_type": 8, "object_id": "5", "object_repr": "230", "action_flag": 1, "change_message": "[{\"added\": {}}]"}}, {"model": "admin.logentry", "pk": 87, "fields": {"action_time": "2021-12-07T11:38:44.873Z", "user": 1, "content_type": 8, "object_id": "6", "object_repr": "235", "action_flag": 1, "change_message": "[{\"added\": {}}]"}}, {"model": "admin.logentry", "pk": 88, "fields": {"action_time": "2021-12-07T11:38:49.260Z", "user": 1, "content_type": 8, "object_id": "7", "object_repr": "240", "action_flag": 1, "change_message": "[{\"added\": {}}]"}}, {"model": "admin.logentry", "pk": 89, "fields": {"action_time": "2021-12-07T11:38:55.217Z", "user": 1, "content_type": 8, "object_id": "8", "object_repr": "245", "action_flag": 1, "change_message": "[{\"added\": {}}]"}}, {"model": "admin.logentry", "pk": 90, "fields": {"action_time": "2021-12-07T11:38:59.254Z", "user": 1, "content_type": 8, "object_id": "9", "object_repr": "250", "action_flag": 1, "change_message": "[{\"added\": {}}]"}}, {"model": "admin.logentry", "pk": 91, "fields": {"action_time": "2021-12-07T11:39:13.227Z", "user": 1, "content_type": 7, "object_id": "9", "object_repr": "벨루아메리제인플랫슈즈", "action_flag": 2, "change_message": "[{\"changed\": {\"fields\": [\"Size\", \"Color\"]}}]"}}, {"model": "admin.logentry", "pk": 92, "fields": {"action_time": "2021-12-07T11:39:28.123Z", "user": 1, "content_type": 7, "object_id": "8", "object_repr": "퓨어플리츠롱 OPS (3colors!)", "action_flag": 2, "change_message": "[{\"changed\": {\"fields\": [\"Color\"]}}]"}}, {"model": "admin.logentry", "pk": 93, "fields": {"action_time": "2021-12-07T11:39:51.226Z", "user": 1, "content_type": 7, "object_id": "7", "object_repr": "소프트캐시브이넥니트 (4colors!)", "action_flag": 2, "change_message": "[{\"changed\": {\"fields\": [\"Size\", \"Color\"]}}]"}}, {"model": "admin.logentry", "pk": 94, "fields": {"action_time": "2021-12-07T11:40:08.871Z", "user": 1, "content_type": 10, "object_id": "13", "object_repr": "[데쥬(DEJOU)] - 카멜", "action_flag": 1, "change_message": "[{\"added\": {}}]"}}, {"model": "admin.logentry", "pk": 95, "fields": {"action_time": "2021-12-07T11:40:12.907Z", "user": 1, "content_type": 7, "object_id": "6", "object_repr": "밀키스웨이드BAG (2colors!)", "action_flag": 2, "change_message": "[{\"changed\": {\"fields\": [\"Color\"]}}]"}}, {"model": "admin.logentry", "pk": 96, "fields": {"action_time": "2021-12-07T11:40:36.598Z", "user": 1, "content_type": 10, "object_id": "14", "object_repr": "[데쥬(DEJOU)] - 네이비", "action_flag": 1, "change_message": "[{\"added\": {}}]"}}, {"model": "admin.logentry", "pk": 97, "fields": {"action_time": "2021-12-07T11:40:37.910Z", "user": 1, "content_type": 7, "object_id": "5", "object_repr": "메리더블롱코트", "action_flag": 2, "change_message": "[{\"changed\": {\"fields\": [\"Color\"]}}]"}}, {"model": "admin.logentry", "pk": 98, "fields": {"action_time": "2021-12-07T12:07:30.682Z", "user": 1, "content_type": 9, "object_id": "2", "object_repr": "하비언니", "action_flag": 1, "change_message": "[{\"added\": {}}]"}}, {"model": "admin.logentry", "pk": 99, "fields": {"action_time": "2021-12-07T12:13:27.542Z", "user": 1, "content_type": 9, "object_id": "3", "object_repr": "프롬뮤즈", "action_flag": 1, "change_message": "[{\"added\": {}}]"}}, {"model": "admin.logentry", "pk": 100, "fields": {"action_time": "2021-12-07T12:15:42.134Z", "user": 1, "content_type": 9, "object_id": "3", "object_repr": "프롬뮤즈", "action_flag": 2, "change_message": "[{\"changed\": {\"fields\": [\"Bank account\"]}}]"}}, {"model": "admin.logentry", "pk": 101, "fields": {"action_time": "2021-12-07T12:15:45.364Z", "user": 1, "content_type": 9, "object_id": "2", "object_repr": "하비언니", "action_flag": 2, "change_message": "[]"}}, {"model": "admin.logentry", "pk": 102, "fields": {"action_time": "2021-12-07T12:15:50.396Z", "user": 1, "content_type": 9, "object_id": "1", "object_repr": "데쥬(DEJOU)", "action_flag": 2, "change_message": "[{\"changed\": {\"fields\": [\"Bank account\"]}}]"}}, {"model": "admin.logentry", "pk": 103, "fields": {"action_time": "2021-12-08T07:13:18.415Z", "user": 1, "content_type": 11, "object_id": "1", "object_repr": "127.0.0.1:8000", "action_flag": 2, "change_message": "[{\"changed\": {\"fields\": [\"Domain name\", \"Display name\"]}}]"}}, {"model": "admin.logentry", "pk": 104, "fields": {"action_time": "2021-12-08T07:28:53.650Z", "user": 1, "content_type": 11, "object_id": "1", "object_repr": "127.0.0.1:8000", "action_flag": 2, "change_message": "[{\"changed\": {\"fields\": [\"Display name\"]}}]"}}, {"model": "admin.logentry", "pk": 105, "fields": {"action_time": "2021-12-08T07:32:58.096Z", "user": 1, "content_type": 15, "object_id": "1", "object_repr": "google", "action_flag": 1, "change_message": "[{\"added\": {}}]"}}, {"model": "admin.logentry", "pk": 106, "fields": {"action_time": "2021-12-08T09:22:00.274Z", "user": 1, "content_type": 15, "object_id": "2", "object_repr": "kakao", "action_flag": 1, "change_message": "[{\"added\": {}}]"}}, {"model": "admin.logentry", "pk": 107, "fields": {"action_time": "2021-12-08T09:25:15.011Z", "user": 1, "content_type": 15, "object_id": "2", "object_repr": "kakao", "action_flag": 2, "change_message": "[{\"changed\": {\"fields\": [\"Secret key\"]}}]"}}, {"model": "admin.logentry", "pk": 108, "fields": {"action_time": "2021-12-10T12:58:51.302Z", "user": 1, "content_type": 15, "object_id": "2", "object_repr": "kakao", "action_flag": 2, "change_message": "[{\"changed\": {\"fields\": [\"Client id\"]}}]"}}, {"model": "admin.logentry", "pk": 109, "fields": {"action_time": "2021-12-10T13:00:34.178Z", "user": 1, "content_type": 15, "object_id": "2", "object_repr": "kakao", "action_flag": 2, "change_message": "[{\"changed\": {\"fields\": [\"Client id\"]}}]"}}, {"model": "admin.logentry", "pk": 110, "fields": {"action_time": "2021-12-10T13:02:28.671Z", "user": 1, "content_type": 15, "object_id": "2", "object_repr": "kakao", "action_flag": 2, "change_message": "[{\"changed\": {\"fields\": [\"Client id\"]}}]"}}, {"model": "admin.logentry", "pk": 111, "fields": {"action_time": "2021-12-10T14:43:17.872Z", "user": 1, "content_type": 15, "object_id": "2", "object_repr": "kakao", "action_flag": 2, "change_message": "[{\"changed\": {\"fields\": [\"Client id\", \"Secret key\"]}}]"}}, {"model": "admin.logentry", "pk": 112, "fields": {"action_time": "2021-12-10T14:43:31.969Z", "user": 1, "content_type": 15, "object_id": "2", "object_repr": "kakao", "action_flag": 2, "change_message": "[{\"changed\": {\"fields\": [\"Secret key\"]}}]"}}, {"model": "admin.logentry", "pk": 113, "fields": {"action_time": "2021-12-10T14:44:41.729Z", "user": 1, "content_type": 11, "object_id": "2", "object_repr": "127.0.0.1:8000/account/login/kakao/callback", "action_flag": 1, "change_message": "[{\"added\": {}}]"}}, {"model": "admin.logentry", "pk": 114, "fields": {"action_time": "2021-12-10T14:44:53.938Z", "user": 1, "content_type": 15, "object_id": "2", "object_repr": "kakao", "action_flag": 2, "change_message": "[{\"changed\": {\"fields\": [\"Sites\"]}}]"}}, {"model": "admin.logentry", "pk": 115, "fields": {"action_time": "2021-12-10T14:52:44.187Z", "user": 1, "content_type": 11, "object_id": "2", "object_repr": "127.0.0.1:8000/accounts/login/kakao/callback", "action_flag": 2, "change_message": "[{\"changed\": {\"fields\": [\"Domain name\"]}}]"}}, {"model": "admin.logentry", "pk": 116, "fields": {"action_time": "2021-12-10T14:52:51.235Z", "user": 1, "content_type": 15, "object_id": "2", "object_repr": "kakao", "action_flag": 2, "change_message": "[]"}}, {"model": "admin.logentry", "pk": 117, "fields": {"action_time": "2021-12-10T14:57:26.287Z", "user": 1, "content_type": 11, "object_id": "2", "object_repr": "http://127.0.0.1:8000/accounts/login/kakao/callback", "action_flag": 2, "change_message": "[{\"changed\": {\"fields\": [\"Domain name\"]}}]"}}, {"model": "admin.logentry", "pk": 118, "fields": {"action_time": "2021-12-10T15:00:02.820Z", "user": 1, "content_type": 11, "object_id": "2", "object_repr": "http://127.0.0.1:8000/accounts/login/kakao/callback/", "action_flag": 2, "change_message": "[{\"changed\": {\"fields\": [\"Domain name\"]}}]"}}, {"model": "admin.logentry", "pk": 119, "fields": {"action_time": "2021-12-10T15:21:29.208Z", "user": 1, "content_type": 11, "object_id": "2", "object_repr": "http://127.0.0.1:8000/login/kakao/callback/", "action_flag": 2, "change_message": "[{\"changed\": {\"fields\": [\"Domain name\"]}}]"}}, {"model": "admin.logentry", "pk": 120, "fields": {"action_time": "2021-12-10T15:21:36.242Z", "user": 1, "content_type": 15, "object_id": "2", "object_repr": "kakao", "action_flag": 2, "change_message": "[]"}}, {"model": "admin.logentry", "pk": 121, "fields": {"action_time": "2021-12-10T15:26:21.404Z", "user": 1, "content_type": 15, "object_id": "2", "object_repr": "kakao", "action_flag": 2, "change_message": "[]"}}, {"model": "admin.logentry", "pk": 122, "fields": {"action_time": "2021-12-10T15:30:47.808Z", "user": 1, "content_type": 11, "object_id": "2", "object_repr": "http://127.0.0.1:8000/accounts/login/kakao/callback/", "action_flag": 2, "change_message": "[{\"changed\": {\"fields\": [\"Domain name\"]}}]"}}, {"model": "admin.logentry", "pk": 123, "fields": {"action_time": "2021-12-10T15:30:55.082Z", "user": 1, "content_type": 15, "object_id": "2", "object_repr": "kakao", "action_flag": 2, "change_message": "[]"}}, {"model": "admin.logentry", "pk": 124, "fields": {"action_time": "2021-12-11T08:26:57.541Z", "user": 1, "content_type": 17, "object_id": "1", "object_repr": "아우터", "action_flag": 1, "change_message": "[{\"added\": {}}]"}}, {"model": "admin.logentry", "pk": 125, "fields": {"action_time": "2021-12-11T08:27:03.775Z", "user": 1, "content_type": 17, "object_id": "2", "object_repr": "상의", "action_flag": 1, "change_message": "[{\"added\": {}}]"}}, {"model": "admin.logentry", "pk": 126, "fields": {"action_time": "2021-12-11T08:27:15.371Z", "user": 1, "content_type": 17, "object_id": "3", "object_repr": "스커트", "action_flag": 1, "change_message": "[{\"added\": {}}]"}}, {"model": "admin.logentry", "pk": 127, "fields": {"action_time": "2021-12-11T08:27:20.566Z", "user": 1, "content_type": 17, "object_id": "4", "object_repr": "팬츠", "action_flag": 1, "change_message": "[{\"added\": {}}]"}}, {"model": "admin.logentry", "pk": 128, "fields": {"action_time": "2021-12-11T08:27:28.530Z", "user": 1, "content_type": 17, "object_id": "5", "object_repr": "악세사리", "action_flag": 1, "change_message": "[{\"added\": {}}]"}}, {"model": "admin.logentry", "pk": 129, "fields": {"action_time": "2021-12-11T08:27:32.708Z", "user": 1, "content_type": 17, "object_id": "6", "object_repr": "신발", "action_flag": 1, "change_message": "[{\"added\": {}}]"}}, {"model": "admin.logentry", "pk": 130, "fields": {"action_time": "2021-12-11T08:27:48.894Z", "user": 1, "content_type": 17, "object_id": "7", "object_repr": "원피스", "action_flag": 1, "change_message": "[{\"added\": {}}]"}}, {"model": "admin.logentry", "pk": 131, "fields": {"action_time": "2021-12-11T08:31:24.422Z", "user": 1, "content_type": 9, "object_id": "4", "object_repr": "애니원모어", "action_flag": 1, "change_message": "[{\"added\": {}}]"}}, {"model": "admin.logentry", "pk": 132, "fields": {"action_time": "2021-12-11T08:31:33.859Z", "user": 1, "content_type": 10, "object_id": "15", "object_repr": "[애니원모어] - 블랙", "action_flag": 1, "change_message": "[{\"added\": {}}]"}}, {"model": "admin.logentry", "pk": 133, "fields": {"action_time": "2021-12-11T08:31:53.335Z", "user": 1, "content_type": 7, "object_id": "15", "object_repr": "지브 물결 앙고라 니트", "action_flag": 2, "change_message": "[{\"changed\": {\"fields\": [\"Company\", \"Size\", \"Color\", \"Category\"]}}]"}}, {"model": "admin.logentry", "pk": 134, "fields": {"action_time": "2021-12-11T08:32:00.093Z", "user": 1, "content_type": 7, "object_id": "14", "object_repr": "(DEJOU!) 양기모오버조거PT (3colors!)", "action_flag": 2, "change_message": "[{\"changed\": {\"fields\": [\"Category\"]}}]"}}, {"model": "admin.logentry", "pk": 135, "fields": {"action_time": "2021-12-11T08:32:08.070Z", "user": 1, "content_type": 7, "object_id": "13", "object_repr": "모던절개SK (4colors!)", "action_flag": 2, "change_message": "[{\"changed\": {\"fields\": [\"Category\"]}}]"}}, {"model": "admin.logentry", "pk": 136, "fields": {"action_time": "2021-12-11T08:32:16.904Z", "user": 1, "content_type": 7, "object_id": "12", "object_repr": "모헤어꽈배기카라가디건 (4colors!)", "action_flag": 2, "change_message": "[{\"changed\": {\"fields\": [\"Category\"]}}]"}}, {"model": "admin.logentry", "pk": 137, "fields": {"action_time": "2021-12-11T08:32:25.330Z", "user": 1, "content_type": 7, "object_id": "11", "object_repr": "(기획, DEJOU!) 허니듀숏패딩 (4colors!)", "action_flag": 2, "change_message": "[{\"changed\": {\"fields\": [\"Category\"]}}]"}}, {"model": "admin.logentry", "pk": 138, "fields": {"action_time": "2021-12-11T08:32:32.886Z", "user": 1, "content_type": 7, "object_id": "10", "object_repr": "꽈배기레그워머 (3colors!)", "action_flag": 2, "change_message": "[{\"changed\": {\"fields\": [\"Category\"]}}]"}}, {"model": "admin.logentry", "pk": 139, "fields": {"action_time": "2021-12-11T08:32:40.140Z", "user": 1, "content_type": 7, "object_id": "9", "object_repr": "벨루아메리제인플랫슈즈", "action_flag": 2, "change_message": "[{\"changed\": {\"fields\": [\"Category\"]}}]"}}, {"model": "admin.logentry", "pk": 140, "fields": {"action_time": "2021-12-11T08:32:47.341Z", "user": 1, "content_type": 7, "object_id": "8", "object_repr": "퓨어플리츠롱 OPS (3colors!)", "action_flag": 2, "change_message": "[{\"changed\": {\"fields\": [\"Category\"]}}]"}}, {"model": "admin.logentry", "pk": 141, "fields": {"action_time": "2021-12-11T08:32:55.449Z", "user": 1, "content_type": 7, "object_id": "7", "object_repr": "소프트캐시브이넥니트 (4colors!)", "action_flag": 2, "change_message": "[{\"changed\": {\"fields\": [\"Category\"]}}]"}}, {"model": "admin.logentry", "pk": 142, "fields": {"action_time": "2021-12-11T08:33:00.275Z", "user": 1, "content_type": 7, "object_id": "6", "object_repr": "밀키스웨이드BAG (2colors!)", "action_flag": 2, "change_message": "[{\"changed\": {\"fields\": [\"Category\"]}}]"}}, {"model": "admin.logentry", "pk": 143, "fields": {"action_time": "2021-12-11T08:33:05.770Z", "user": 1, "content_type": 7, "object_id": "5", "object_repr": "메리더블롱코트", "action_flag": 2, "change_message": "[{\"changed\": {\"fields\": [\"Category\"]}}]"}}, {"model": "admin.logentry", "pk": 144, "fields": {"action_time": "2021-12-11T08:33:24.630Z", "user": 1, "content_type": 10, "object_id": "16", "object_repr": "[프롬뮤즈] - 네이비", "action_flag": 1, "change_message": "[{\"added\": {}}]"}}, {"model": "admin.logentry", "pk": 145, "fields": {"action_time": "2021-12-11T08:33:31.628Z", "user": 1, "content_type": 10, "object_id": "17", "object_repr": "[프롬뮤즈] - 블랙", "action_flag": 1, "change_message": "[{\"added\": {}}]"}}, {"model": "admin.logentry", "pk": 146, "fields": {"action_time": "2021-12-11T08:33:44.752Z", "user": 1, "content_type": 10, "object_id": "18", "object_repr": "[프롬뮤즈] - 아이보리", "action_flag": 1, "change_message": "[{\"added\": {}}]"}}, {"model": "admin.logentry", "pk": 147, "fields": {"action_time": "2021-12-11T08:33:56.344Z", "user": 1, "content_type": 7, "object_id": "4", "object_repr": "hairy maram fur CD", "action_flag": 2, "change_message": "[{\"changed\": {\"fields\": [\"Company\", \"Size\", \"Color\", \"Category\"]}}]"}}, {"model": "admin.logentry", "pk": 148, "fields": {"action_time": "2021-12-11T08:34:51.519Z", "user": 1, "content_type": 10, "object_id": "19", "object_repr": "[하비언니] - 아이보리", "action_flag": 1, "change_message": "[{\"added\": {}}]"}}, {"model": "admin.logentry", "pk": 149, "fields": {"action_time": "2021-12-11T08:34:57.089Z", "user": 1, "content_type": 10, "object_id": "20", "object_repr": "[하비언니] - 블랙", "action_flag": 1, "change_message": "[{\"added\": {}}]"}}, {"model": "admin.logentry", "pk": 150, "fields": {"action_time": "2021-12-11T08:35:02.001Z", "user": 1, "content_type": 7, "object_id": "3", "object_repr": "6208 베이비돌 캉캉셔츠 미디원피스(3color)", "action_flag": 2, "change_message": "[{\"changed\": {\"fields\": [\"Company\", \"Size\", \"Color\", \"Category\"]}}]"}}, {"model": "admin.logentry", "pk": 151, "fields": {"action_time": "2021-12-11T08:35:17.288Z", "user": 1, "content_type": 10, "object_id": "21", "object_repr": "[프롬뮤즈] - 그레이", "action_flag": 1, "change_message": "[{\"added\": {}}]"}}, {"model": "admin.logentry", "pk": 152, "fields": {"action_time": "2021-12-11T08:35:28.327Z", "user": 1, "content_type": 7, "object_id": "2", "object_repr": "back point satin OPS", "action_flag": 2, "change_message": "[{\"changed\": {\"fields\": [\"Company\", \"Size\", \"Color\", \"Category\"]}}]"}}, {"model": "admin.logentry", "pk": 153, "fields": {"action_time": "2021-12-11T08:36:54.337Z", "user": 1, "content_type": 9, "object_id": "5", "object_repr": "베이델리", "action_flag": 1, "change_message": "[{\"added\": {}}]"}}, {"model": "admin.logentry", "pk": 154, "fields": {"action_time": "2021-12-11T08:37:36.262Z", "user": 1, "content_type": 10, "object_id": "22", "object_repr": "[베이델리] - 블랙", "action_flag": 1, "change_message": "[{\"added\": {}}]"}}, {"model": "admin.logentry", "pk": 155, "fields": {"action_time": "2021-12-11T08:37:39.694Z", "user": 1, "content_type": 7, "object_id": "1", "object_repr": "[모델소장/루즈핏]노멀 레더밴딩 카라 자켓", "action_flag": 2, "change_message": "[{\"changed\": {\"fields\": [\"Company\", \"Size\", \"Color\", \"Category\"]}}]"}}, {"model": "admin.logentry", "pk": 156, "fields": {"action_time": "2021-12-11T10:38:49.363Z", "user": 1, "content_type": 7, "object_id": "15", "object_repr": "지브 물결 앙고라 니트", "action_flag": 2, "change_message": "[{\"changed\": {\"fields\": [\"Category\"]}}]"}}, {"model": "admin.logentry", "pk": 157, "fields": {"action_time": "2021-12-11T10:38:59.934Z", "user": 1, "content_type": 7, "object_id": "14", "object_repr": "(DEJOU!) 양기모오버조거PT (3colors!)", "action_flag": 2, "change_message": "[{\"changed\": {\"fields\": [\"Category\"]}}]"}}, {"model": "admin.logentry", "pk": 158, "fields": {"action_time": "2021-12-11T10:39:04.983Z", "user": 1, "content_type": 7, "object_id": "13", "object_repr": "모던절개SK (4colors!)", "action_flag": 2, "change_message": "[{\"changed\": {\"fields\": [\"Category\"]}}]"}}, {"model": "admin.logentry", "pk": 159, "fields": {"action_time": "2021-12-11T10:39:10.016Z", "user": 1, "content_type": 7, "object_id": "12", "object_repr": "모헤어꽈배기카라가디건 (4colors!)", "action_flag": 2, "change_message": "[{\"changed\": {\"fields\": [\"Category\"]}}]"}}, {"model": "admin.logentry", "pk": 160, "fields": {"action_time": "2021-12-11T10:39:14.657Z", "user": 1, "content_type": 7, "object_id": "11", "object_repr": "(기획, DEJOU!) 허니듀숏패딩 (4colors!)", "action_flag": 2, "change_message": "[{\"changed\": {\"fields\": [\"Category\"]}}]"}}, {"model": "admin.logentry", "pk": 161, "fields": {"action_time": "2021-12-11T10:39:19.626Z", "user": 1, "content_type": 7, "object_id": "10", "object_repr": "꽈배기레그워머 (3colors!)", "action_flag": 2, "change_message": "[{\"changed\": {\"fields\": [\"Category\"]}}]"}}, {"model": "admin.logentry", "pk": 162, "fields": {"action_time": "2021-12-11T10:39:25.452Z", "user": 1, "content_type": 7, "object_id": "9", "object_repr": "벨루아메리제인플랫슈즈", "action_flag": 2, "change_message": "[{\"changed\": {\"fields\": [\"Category\"]}}]"}}, {"model": "admin.logentry", "pk": 163, "fields": {"action_time": "2021-12-11T10:39:32.779Z", "user": 1, "content_type": 7, "object_id": "8", "object_repr": "퓨어플리츠롱 OPS (3colors!)", "action_flag": 2, "change_message": "[{\"changed\": {\"fields\": [\"Category\"]}}]"}}, {"model": "admin.logentry", "pk": 164, "fields": {"action_time": "2021-12-11T10:39:40.931Z", "user": 1, "content_type": 7, "object_id": "7", "object_repr": "소프트캐시브이넥니트 (4colors!)", "action_flag": 2, "change_message": "[{\"changed\": {\"fields\": [\"Category\"]}}]"}}, {"model": "admin.logentry", "pk": 165, "fields": {"action_time": "2021-12-11T10:39:46.349Z", "user": 1, "content_type": 7, "object_id": "6", "object_repr": "밀키스웨이드BAG (2colors!)", "action_flag": 2, "change_message": "[{\"changed\": {\"fields\": [\"Category\"]}}]"}}, {"model": "admin.logentry", "pk": 166, "fields": {"action_time": "2021-12-11T10:39:53.853Z", "user": 1, "content_type": 7, "object_id": "5", "object_repr": "메리더블롱코트", "action_flag": 2, "change_message": "[{\"changed\": {\"fields\": [\"Category\"]}}]"}}, {"model": "admin.logentry", "pk": 167, "fields": {"action_time": "2021-12-11T10:39:58.999Z", "user": 1, "content_type": 7, "object_id": "4", "object_repr": "hairy maram fur CD", "action_flag": 2, "change_message": "[{\"changed\": {\"fields\": [\"Category\"]}}]"}}, {"model": "admin.logentry", "pk": 168, "fields": {"action_time": "2021-12-11T13:23:06.518Z", "user": 1, "content_type": 7, "object_id": "3", "object_repr": "6208 베이비돌 캉캉셔츠 미디원피스(3color)", "action_flag": 2, "change_message": "[{\"changed\": {\"fields\": [\"Category\"]}}]"}}, {"model": "admin.logentry", "pk": 169, "fields": {"action_time": "2021-12-11T13:23:14.644Z", "user": 1, "content_type": 7, "object_id": "2", "object_repr": "back point satin OPS", "action_flag": 2, "change_message": "[{\"changed\": {\"fields\": [\"Category\"]}}]"}}, {"model": "admin.logentry", "pk": 170, "fields": {"action_time": "2021-12-11T13:23:18.801Z", "user": 1, "content_type": 7, "object_id": "1", "object_repr": "[모델소장/루즈핏]노멀 레더밴딩 카라 자켓", "action_flag": 2, "change_message": "[{\"changed\": {\"fields\": [\"Category\"]}}]"}}, {"model": "admin.logentry", "pk": 171, "fields": {"action_time": "2021-12-11T15:12:45.673Z", "user": 1, "content_type": 18, "object_id": "1", "object_repr": "로맨틱", "action_flag": 1, "change_message": "[{\"added\": {}}]"}}, {"model": "admin.logentry", "pk": 172, "fields": {"action_time": "2021-12-11T15:12:52.744Z", "user": 1, "content_type": 18, "object_id": "2", "object_repr": "페미닌", "action_flag": 1, "change_message": "[{\"added\": {}}]"}}, {"model": "admin.logentry", "pk": 173, "fields": {"action_time": "2021-12-11T15:12:57.959Z", "user": 1, "content_type": 18, "object_id": "3", "object_repr": "데일리", "action_flag": 1, "change_message": "[{\"added\": {}}]"}}, {"model": "admin.logentry", "pk": 174, "fields": {"action_time": "2021-12-11T15:13:03.152Z", "user": 1, "content_type": 18, "object_id": "4", "object_repr": "유니크", "action_flag": 1, "change_message": "[{\"added\": {}}]"}}, {"model": "admin.logentry", "pk": 175, "fields": {"action_time": "2021-12-11T15:13:27.903Z", "user": 1, "content_type": 7, "object_id": "15", "object_repr": "지브 물결 앙고라 니트", "action_flag": 2, "change_message": "[{\"changed\": {\"fields\": [\"Tag\"]}}]"}}, {"model": "admin.logentry", "pk": 176, "fields": {"action_time": "2021-12-11T15:13:33.381Z", "user": 1, "content_type": 7, "object_id": "14", "object_repr": "(DEJOU!) 양기모오버조거PT (3colors!)", "action_flag": 2, "change_message": "[{\"changed\": {\"fields\": [\"Tag\"]}}]"}}, {"model": "admin.logentry", "pk": 177, "fields": {"action_time": "2021-12-11T15:13:38.953Z", "user": 1, "content_type": 7, "object_id": "13", "object_repr": "모던절개SK (4colors!)", "action_flag": 2, "change_message": "[{\"changed\": {\"fields\": [\"Tag\"]}}]"}}, {"model": "admin.logentry", "pk": 178, "fields": {"action_time": "2021-12-11T15:13:54.366Z", "user": 1, "content_type": 7, "object_id": "12", "object_repr": "모헤어꽈배기카라가디건 (4colors!)", "action_flag": 2, "change_message": "[{\"changed\": {\"fields\": [\"Tag\"]}}]"}}, {"model": "admin.logentry", "pk": 179, "fields": {"action_time": "2021-12-11T15:13:59.301Z", "user": 1, "content_type": 7, "object_id": "11", "object_repr": "(기획, DEJOU!) 허니듀숏패딩 (4colors!)", "action_flag": 2, "change_message": "[{\"changed\": {\"fields\": [\"Tag\"]}}]"}}, {"model": "admin.logentry", "pk": 180, "fields": {"action_time": "2021-12-11T15:14:04.875Z", "user": 1, "content_type": 7, "object_id": "10", "object_repr": "꽈배기레그워머 (3colors!)", "action_flag": 2, "change_message": "[{\"changed\": {\"fields\": [\"Tag\"]}}]"}}, {"model": "admin.logentry", "pk": 181, "fields": {"action_time": "2021-12-11T15:14:10.321Z", "user": 1, "content_type": 7, "object_id": "9", "object_repr": "벨루아메리제인플랫슈즈", "action_flag": 2, "change_message": "[{\"changed\": {\"fields\": [\"Tag\"]}}]"}}, {"model": "admin.logentry", "pk": 182, "fields": {"action_time": "2021-12-11T15:14:15.003Z", "user": 1, "content_type": 7, "object_id": "8", "object_repr": "퓨어플리츠롱 OPS (3colors!)", "action_flag": 2, "change_message": "[{\"changed\": {\"fields\": [\"Tag\"]}}]"}}, {"model": "admin.logentry", "pk": 183, "fields": {"action_time": "2021-12-11T15:14:18.449Z", "user": 1, "content_type": 7, "object_id": "7", "object_repr": "소프트캐시브이넥니트 (4colors!)", "action_flag": 2, "change_message": "[{\"changed\": {\"fields\": [\"Tag\"]}}]"}}, {"model": "admin.logentry", "pk": 184, "fields": {"action_time": "2021-12-11T15:14:23.699Z", "user": 1, "content_type": 7, "object_id": "6", "object_repr": "밀키스웨이드BAG (2colors!)", "action_flag": 2, "change_message": "[{\"changed\": {\"fields\": [\"Tag\"]}}]"}}, {"model": "admin.logentry", "pk": 185, "fields": {"action_time": "2021-12-11T15:14:28.929Z", "user": 1, "content_type": 7, "object_id": "5", "object_repr": "메리더블롱코트", "action_flag": 2, "change_message": "[{\"changed\": {\"fields\": [\"Tag\"]}}]"}}, {"model": "admin.logentry", "pk": 186, "fields": {"action_time": "2021-12-11T15:14:32.705Z", "user": 1, "content_type": 7, "object_id": "4", "object_repr": "hairy maram fur CD", "action_flag": 2, "change_message": "[{\"changed\": {\"fields\": [\"Tag\"]}}]"}}, {"model": "admin.logentry", "pk": 187, "fields": {"action_time": "2021-12-11T15:14:36.707Z", "user": 1, "content_type": 7, "object_id": "3", "object_repr": "6208 베이비돌 캉캉셔츠 미디원피스(3color)", "action_flag": 2, "change_message": "[{\"changed\": {\"fields\": [\"Tag\"]}}]"}}, {"model": "admin.logentry", "pk": 188, "fields": {"action_time": "2021-12-11T15:14:40.579Z", "user": 1, "content_type": 7, "object_id": "2", "object_repr": "back point satin OPS", "action_flag": 2, "change_message": "[{\"changed\": {\"fields\": [\"Tag\"]}}]"}}, {"model": "admin.logentry", "pk": 189, "fields": {"action_time": "2021-12-11T15:14:46.950Z", "user": 1, "content_type": 7, "object_id": "1", "object_repr": "[모델소장/루즈핏]노멀 레더밴딩 카라 자켓", "action_flag": 2, "change_message": "[{\"changed\": {\"fields\": [\"Tag\"]}}]"}}, {"model": "admin.logentry", "pk": 190, "fields": {"action_time": "2021-12-13T06:36:22.424Z", "user": 1, "content_type": 19, "object_id": "1", "object_repr": "leesurin99::발도 하나도 안아프고 너무 좋아요!! 다른 색상도 구입하려구여 ㅎㅎ", "action_flag": 1, "change_message": "[{\"added\": {}}]"}}, {"model": "admin.logentry", "pk": 191, "fields": {"action_time": "2021-12-13T06:36:48.637Z", "user": 1, "content_type": 19, "object_id": "2", "object_repr": "leesurin99::이거 입으면 힙한 느낌 쌉가능,,, 진짜 대박 이뻐요 꼭 사세요", "action_flag": 1, "change_message": "[{\"added\": {}}]"}}, {"model": "admin.logentry", "pk": 192, "fields": {"action_time": "2021-12-13T06:37:05.155Z", "user": 1, "content_type": 19, "object_id": "3", "object_repr": "leesurin99::저한테는 조금 짧네요 ㅠㅠ 그래도 옷 자체는 이뻐여", "action_flag": 1, "change_message": "[{\"added\": {}}]"}}, {"model": "admin.logentry", "pk": 193, "fields": {"action_time": "2021-12-17T05:51:53.200Z", "user": 1, "content_type": 4, "object_id": "2", "object_repr": "leesurin99", "action_flag": 2, "change_message": "[{\"changed\": {\"fields\": [\"Staff status\"]}}]"}}, {"model": "admin.logentry", "pk": 194, "fields": {"action_time": "2021-12-17T06:16:58.848Z", "user": 1, "content_type": 7, "object_id": "15", "object_repr": "지브 물결 앙고라 니트", "action_flag": 2, "change_message": "[{\"changed\": {\"fields\": [\"User com\"]}}]"}}, {"model": "admin.logentry", "pk": 195, "fields": {"action_time": "2021-12-17T06:17:09.567Z", "user": 1, "content_type": 7, "object_id": "4", "object_repr": "hairy maram fur CD", "action_flag": 2, "change_message": "[{\"changed\": {\"fields\": [\"User com\"]}}]"}}, {"model": "admin.logentry", "pk": 196, "fields": {"action_time": "2021-12-17T06:17:15.406Z", "user": 1, "content_type": 7, "object_id": "3", "object_repr": "6208 베이비돌 캉캉셔츠 미디원피스(3color)", "action_flag": 2, "change_message": "[{\"changed\": {\"fields\": [\"User com\"]}}]"}}, {"model": "admin.logentry", "pk": 197, "fields": {"action_time": "2021-12-17T06:17:22.963Z", "user": 1, "content_type": 7, "object_id": "2", "object_repr": "back point satin OPS", "action_flag": 2, "change_message": "[{\"changed\": {\"fields\": [\"User com\"]}}]"}}, {"model": "admin.logentry", "pk": 198, "fields": {"action_time": "2021-12-17T06:17:28.343Z", "user": 1, "content_type": 7, "object_id": "14", "object_repr": "(DEJOU!) 양기모오버조거PT (3colors!)", "action_flag": 2, "change_message": "[{\"changed\": {\"fields\": [\"User com\"]}}]"}}, {"model": "admin.logentry", "pk": 199, "fields": {"action_time": "2021-12-17T06:17:32.248Z", "user": 1, "content_type": 7, "object_id": "13", "object_repr": "모던절개SK (4colors!)", "action_flag": 2, "change_message": "[{\"changed\": {\"fields\": [\"User com\"]}}]"}}, {"model": "admin.logentry", "pk": 200, "fields": {"action_time": "2021-12-17T06:17:37.188Z", "user": 1, "content_type": 7, "object_id": "12", "object_repr": "모헤어꽈배기카라가디건 (4colors!)", "action_flag": 2, "change_message": "[{\"changed\": {\"fields\": [\"User com\"]}}]"}}, {"model": "admin.logentry", "pk": 201, "fields": {"action_time": "2021-12-17T06:17:42.715Z", "user": 1, "content_type": 7, "object_id": "11", "object_repr": "(기획, DEJOU!) 허니듀숏패딩 (4colors!)", "action_flag": 2, "change_message": "[{\"changed\": {\"fields\": [\"User com\"]}}]"}}, {"model": "admin.logentry", "pk": 202, "fields": {"action_time": "2021-12-17T06:17:47.705Z", "user": 1, "content_type": 7, "object_id": "10", "object_repr": "꽈배기레그워머 (3colors!)", "action_flag": 2, "change_message": "[{\"changed\": {\"fields\": [\"User com\"]}}]"}}, {"model": "admin.logentry", "pk": 203, "fields": {"action_time": "2021-12-17T06:17:52.385Z", "user": 1, "content_type": 7, "object_id": "9", "object_repr": "벨루아메리제인플랫슈즈", "action_flag": 2, "change_message": "[{\"changed\": {\"fields\": [\"User com\"]}}]"}}, {"model": "admin.logentry", "pk": 204, "fields": {"action_time": "2021-12-17T06:17:57.660Z", "user": 1, "content_type": 7, "object_id": "8", "object_repr": "퓨어플리츠롱 OPS (3colors!)", "action_flag": 2, "change_message": "[{\"changed\": {\"fields\": [\"User com\"]}}]"}}, {"model": "admin.logentry", "pk": 205, "fields": {"action_time": "2021-12-17T06:18:07.771Z", "user": 1, "content_type": 7, "object_id": "7", "object_repr": "소프트캐시브이넥니트 (4colors!)", "action_flag": 2, "change_message": "[{\"changed\": {\"fields\": [\"User com\"]}}]"}}, {"model": "admin.logentry", "pk": 206, "fields": {"action_time": "2021-12-17T06:18:12.746Z", "user": 1, "content_type": 7, "object_id": "6", "object_repr": "밀키스웨이드BAG (2colors!)", "action_flag": 2, "change_message": "[{\"changed\": {\"fields\": [\"User com\"]}}]"}}, {"model": "admin.logentry", "pk": 207, "fields": {"action_time": "2021-12-17T06:18:16.571Z", "user": 1, "content_type": 7, "object_id": "5", "object_repr": "메리더블롱코트", "action_flag": 2, "change_message": "[{\"changed\": {\"fields\": [\"User com\"]}}]"}}, {"model": "admin.logentry", "pk": 208, "fields": {"action_time": "2021-12-18T04:16:18.994Z", "user": 1, "content_type": 7, "object_id": "14", "object_repr": "(DEJOU!) 양기모오버조거PT (3colors!)", "action_flag": 2, "change_message": "[{\"changed\": {\"fields\": [\"About\"]}}]"}}, {"model": "admin.logentry", "pk": 209, "fields": {"action_time": "2021-12-18T04:27:53.103Z", "user": 1, "content_type": 7, "object_id": "14", "object_repr": "(DEJOU!) 양기모오버조거PT (3colors!)", "action_flag": 2, "change_message": "[{\"changed\": {\"fields\": [\"About\"]}}]"}}, {"model": "admin.logentry", "pk": 210, "fields": {"action_time": "2021-12-18T04:33:14.889Z", "user": 1, "content_type": 7, "object_id": "5", "object_repr": "메리더블롱코트", "action_flag": 2, "change_message": "[{\"changed\": {\"fields\": [\"Inventory\"]}}]"}}, {"model": "admin.logentry", "pk": 211, "fields": {"action_time": "2021-12-18T04:33:32.448Z", "user": 1, "content_type": 7, "object_id": "6", "object_repr": "밀키스웨이드BAG (2colors!)", "action_flag": 2, "change_message": "[{\"changed\": {\"fields\": [\"Inventory\"]}}]"}}, {"model": "admin.logentry", "pk": 212, "fields": {"action_time": "2021-12-18T14:42:12.774Z", "user": 1, "content_type": 7, "object_id": "15", "object_repr": "지브 물결 앙고라 니트", "action_flag": 2, "change_message": "[]"}}, {"model": "admin.logentry", "pk": 213, "fields": {"action_time": "2021-12-18T14:52:14.463Z", "user": 1, "content_type": 9, "object_id": "4", "object_repr": "애니원모어", "action_flag": 2, "change_message": "[{\"changed\": {\"fields\": [\"Logo\"]}}]"}}, {"model": "admin.logentry", "pk": 214, "fields": {"action_time": "2021-12-18T14:53:12.914Z", "user": 1, "content_type": 9, "object_id": "2", "object_repr": "하비언니", "action_flag": 2, "change_message": "[{\"changed\": {\"fields\": [\"Logo\"]}}]"}}, {"model": "admin.logentry", "pk": 215, "fields": {"action_time": "2021-12-18T14:54:28.918Z", "user": 1, "content_type": 9, "object_id": "5", "object_repr": "베이델리", "action_flag": 2, "change_message": "[{\"changed\": {\"fields\": [\"Logo\"]}}]"}}, {"model": "admin.logentry", "pk": 216, "fields": {"action_time": "2021-12-18T14:55:17.514Z", "user": 1, "content_type": 9, "object_id": "1", "object_repr": "데쥬(DEJOU)", "action_flag": 2, "change_message": "[{\"changed\": {\"fields\": [\"Logo\"]}}]"}}, {"model": "admin.logentry", "pk": 217, "fields": {"action_time": "2021-12-18T14:55:55.563Z", "user": 1, "content_type": 9, "object_id": "3", "object_repr": "프롬뮤즈", "action_flag": 2, "change_message": "[{\"changed\": {\"fields\": [\"Logo\"]}}]"}}, {"model": "admin.logentry", "pk": 218, "fields": {"action_time": "2021-12-18T15:21:50.041Z", "user": 1, "content_type": 9, "object_id": "6", "object_repr": "하몽", "action_flag": 1, "change_message": "[{\"added\": {}}]"}}, {"model": "admin.logentry", "pk": 219, "fields": {"action_time": "2021-12-18T15:24:57.332Z", "user": 1, "content_type": 10, "object_id": "23", "object_repr": "[하몽] - 그린", "action_flag": 1, "change_message": "[{\"added\": {}}]"}}, {"model": "admin.logentry", "pk": 220, "fields": {"action_time": "2021-12-18T15:25:04.472Z", "user": 1, "content_type": 10, "object_id": "24", "object_repr": "[하몽] - 블랙", "action_flag": 1, "change_message": "[{\"added\": {}}]"}}, {"model": "admin.logentry", "pk": 221, "fields": {"action_time": "2021-12-18T15:25:10.722Z", "user": 1, "content_type": 10, "object_id": "25", "object_repr": "[하몽] - 레드", "action_flag": 1, "change_message": "[{\"added\": {}}]"}}, {"model": "admin.logentry", "pk": 222, "fields": {"action_time": "2021-12-18T15:25:25.292Z", "user": 1, "content_type": 18, "object_id": "5", "object_repr": "시크", "action_flag": 1, "change_message": "[{\"added\": {}}]"}}, {"model": "admin.logentry", "pk": 223, "fields": {"action_time": "2021-12-18T15:25:43.178Z", "user": 1, "content_type": 7, "object_id": "16", "object_repr": "Short padding (3colors)", "action_flag": 1, "change_message": "[{\"added\": {}}]"}}, {"model": "admin.logentry", "pk": 224, "fields": {"action_time": "2021-12-18T15:28:22.717Z", "user": 1, "content_type": 10, "object_id": "26", "object_repr": "[하몽] - 아이보리", "action_flag": 1, "change_message": "[{\"added\": {}}]"}}, {"model": "admin.logentry", "pk": 225, "fields": {"action_time": "2021-12-18T15:28:33.982Z", "user": 1, "content_type": 7, "object_id": "17", "object_repr": "Leather stitch jumper", "action_flag": 1, "change_message": "[{\"added\": {}}]"}}, {"model": "admin.logentry", "pk": 226, "fields": {"action_time": "2021-12-18T15:32:01.252Z", "user": 1, "content_type": 10, "object_id": "27", "object_repr": "[하몽] - 진청", "action_flag": 1, "change_message": "[{\"added\": {}}]"}}, {"model": "admin.logentry", "pk": 227, "fields": {"action_time": "2021-12-18T15:32:12.722Z", "user": 1, "content_type": 7, "object_id": "18", "object_repr": "Faded boots cut pants", "action_flag": 1, "change_message": "[{\"added\": {}}]"}}, {"model": "admin.logentry", "pk": 228, "fields": {"action_time": "2021-12-18T15:34:58.569Z", "user": 1, "content_type": 10, "object_id": "28", "object_repr": "[하몽] - 그레이", "action_flag": 1, "change_message": "[{\"added\": {}}]"}}, {"model": "admin.logentry", "pk": 229, "fields": {"action_time": "2021-12-18T15:35:03.839Z", "user": 1, "content_type": 7, "object_id": "19", "object_repr": "Wool check skirt", "action_flag": 1, "change_message": "[{\"added\": {}}]"}}, {"model": "admin.logentry", "pk": 230, "fields": {"action_time": "2021-12-18T15:37:09.161Z", "user": 1, "content_type": 7, "object_id": "20", "object_repr": "Knit OPS", "action_flag": 1, "change_message": "[{\"added\": {}}]"}}, {"model": "admin.logentry", "pk": 231, "fields": {"action_time": "2021-12-18T15:39:36.249Z", "user": 1, "content_type": 7, "object_id": "21", "object_repr": "Hood knit OPS", "action_flag": 1, "change_message": "[{\"added\": {}}]"}}, {"model": "admin.logentry", "pk": 232, "fields": {"action_time": "2021-12-18T15:42:38.466Z", "user": 1, "content_type": 10, "object_id": "29", "object_repr": "[하몽] - 차콜", "action_flag": 1, "change_message": "[{\"added\": {}}]"}}, {"model": "admin.logentry", "pk": 233, "fields": {"action_time": "2021-12-18T15:43:21.653Z", "user": 1, "content_type": 7, "object_id": "22", "object_repr": "Cotton training pants (기모)", "action_flag": 1, "change_message": "[{\"added\": {}}]"}}, {"model": "admin.logentry", "pk": 234, "fields": {"action_time": "2021-12-18T15:50:46.349Z", "user": 1, "content_type": 10, "object_id": "30", "object_repr": "[하몽] - 카키", "action_flag": 1, "change_message": "[{\"added\": {}}]"}}, {"model": "admin.logentry", "pk": 235, "fields": {"action_time": "2021-12-18T15:50:56.700Z", "user": 1, "content_type": 7, "object_id": "23", "object_repr": "Lettering polar T", "action_flag": 1, "change_message": "[{\"added\": {}}]"}}, {"model": "admin.logentry", "pk": 236, "fields": {"action_time": "2021-12-18T15:53:49.225Z", "user": 1, "content_type": 10, "object_id": "31", "object_repr": "[하몽] - 베이지", "action_flag": 1, "change_message": "[{\"added\": {}}]"}}, {"model": "admin.logentry", "pk": 237, "fields": {"action_time": "2021-12-18T15:53:56.009Z", "user": 1, "content_type": 10, "object_id": "32", "object_repr": "[하몽] - 브라운", "action_flag": 1, "change_message": "[{\"added\": {}}]"}}, {"model": "admin.logentry", "pk": 238, "fields": {"action_time": "2021-12-18T15:56:06.907Z", "user": 1, "content_type": 7, "object_id": "25", "object_repr": "ugg booys (4colors)", "action_flag": 2, "change_message": "[{\"changed\": {\"fields\": [\"User com\"]}}]"}}, {"model": "admin.logentry", "pk": 239, "fields": {"action_time": "2021-12-18T15:56:19.709Z", "user": 1, "content_type": 7, "object_id": "24", "object_repr": "ugg booys (4colors)", "action_flag": 3, "change_message": ""}}, {"model": "admin.logentry", "pk": 240, "fields": {"action_time": "2021-12-18T15:56:27.188Z", "user": 1, "content_type": 7, "object_id": "25", "object_repr": "ugg boots (4colors)", "action_flag": 2, "change_message": "[{\"changed\": {\"fields\": [\"Name\"]}}]"}}, {"model": "admin.logentry", "pk": 241, "fields": {"action_time": "2021-12-18T16:04:59.819Z", "user": 1, "content_type": 7, "object_id": "22", "object_repr": "Cotton training pants (기모)", "action_flag": 2, "change_message": "[]"}}, {"model": "admin.logentry", "pk": 242, "fields": {"action_time": "2021-12-18T16:21:47.633Z", "user": 1, "content_type": 7, "object_id": "22", "object_repr": "Cotton training pants (기모)", "action_flag": 3, "change_message": ""}}, {"model": "auth.permission", "pk": 1, "fields": {"name": "Can add log entry", "content_type": 1, "codename": "add_logentry"}}, {"model": "auth.permission", "pk": 2, "fields": {"name": "Can change log entry", "content_type": 1, "codename": "change_logentry"}}, {"model": "auth.permission", "pk": 3, "fields": {"name": "Can delete log entry", "content_type": 1, "codename": "delete_logentry"}}, {"model": "auth.permission", "pk": 4, "fields": {"name": "Can view log entry", "content_type": 1, "codename": "view_logentry"}}, {"model": "auth.permission", "pk": 5, "fields": {"name": "Can add permission", "content_type": 2, "codename": "add_permission"}}, {"model": "auth.permission", "pk": 6, "fields": {"name": "Can change permission", "content_type": 2, "codename": "change_permission"}}, {"model": "auth.permission", "pk": 7, "fields": {"name": "Can delete permission", "content_type": 2, "codename": "delete_permission"}}, {"model": "auth.permission", "pk": 8, "fields": {"name": "Can view permission", "content_type": 2, "codename": "view_permission"}}, {"model": "auth.permission", "pk": 9, "fields": {"name": "Can add group", "content_type": 3, "codename": "add_group"}}, {"model": "auth.permission", "pk": 10, "fields": {"name": "Can change group", "content_type": 3, "codename": "change_group"}}, {"model": "auth.permission", "pk": 11, "fields": {"name": "Can delete group", "content_type": 3, "codename": "delete_group"}}, {"model": "auth.permission", "pk": 12, "fields": {"name": "Can view group", "content_type": 3, "codename": "view_group"}}, {"model": "auth.permission", "pk": 13, "fields": {"name": "Can add user", "content_type": 4, "codename": "add_user"}}, {"model": "auth.permission", "pk": 14, "fields": {"name": "Can change user", "content_type": 4, "codename": "change_user"}}, {"model": "auth.permission", "pk": 15, "fields": {"name": "Can delete user", "content_type": 4, "codename": "delete_user"}}, {"model": "auth.permission", "pk": 16, "fields": {"name": "Can view user", "content_type": 4, "codename": "view_user"}}, {"model": "auth.permission", "pk": 17, "fields": {"name": "Can add content type", "content_type": 5, "codename": "add_contenttype"}}, {"model": "auth.permission", "pk": 18, "fields": {"name": "Can change content type", "content_type": 5, "codename": "change_contenttype"}}, {"model": "auth.permission", "pk": 19, "fields": {"name": "Can delete content type", "content_type": 5, "codename": "delete_contenttype"}}, {"model": "auth.permission", "pk": 20, "fields": {"name": "Can view content type", "content_type": 5, "codename": "view_contenttype"}}, {"model": "auth.permission", "pk": 21, "fields": {"name": "Can add session", "content_type": 6, "codename": "add_session"}}, {"model": "auth.permission", "pk": 22, "fields": {"name": "Can change session", "content_type": 6, "codename": "change_session"}}, {"model": "auth.permission", "pk": 23, "fields": {"name": "Can delete session", "content_type": 6, "codename": "delete_session"}}, {"model": "auth.permission", "pk": 24, "fields": {"name": "Can view session", "content_type": 6, "codename": "view_session"}}, {"model": "auth.permission", "pk": 25, "fields": {"name": "Can add goods", "content_type": 7, "codename": "add_goods"}}, {"model": "auth.permission", "pk": 26, "fields": {"name": "Can change goods", "content_type": 7, "codename": "change_goods"}}, {"model": "auth.permission", "pk": 27, "fields": {"name": "Can delete goods", "content_type": 7, "codename": "delete_goods"}}, {"model": "auth.permission", "pk": 28, "fields": {"name": "Can view goods", "content_type": 7, "codename": "view_goods"}}, {"model": "auth.permission", "pk": 29, "fields": {"name": "Can add good", "content_type": 7, "codename": "add_good"}}, {"model": "auth.permission", "pk": 30, "fields": {"name": "Can change good", "content_type": 7, "codename": "change_good"}}, {"model": "auth.permission", "pk": 31, "fields": {"name": "Can delete good", "content_type": 7, "codename": "delete_good"}}, {"model": "auth.permission", "pk": 32, "fields": {"name": "Can view good", "content_type": 7, "codename": "view_good"}}, {"model": "auth.permission", "pk": 33, "fields": {"name": "Can add size", "content_type": 8, "codename": "add_size"}}, {"model": "auth.permission", "pk": 34, "fields": {"name": "Can change size", "content_type": 8, "codename": "change_size"}}, {"model": "auth.permission", "pk": 35, "fields": {"name": "Can delete size", "content_type": 8, "codename": "delete_size"}}, {"model": "auth.permission", "pk": 36, "fields": {"name": "Can view size", "content_type": 8, "codename": "view_size"}}, {"model": "auth.permission", "pk": 37, "fields": {"name": "Can add company", "content_type": 9, "codename": "add_company"}}, {"model": "auth.permission", "pk": 38, "fields": {"name": "Can change company", "content_type": 9, "codename": "change_company"}}, {"model": "auth.permission", "pk": 39, "fields": {"name": "Can delete company", "content_type": 9, "codename": "delete_company"}}, {"model": "auth.permission", "pk": 40, "fields": {"name": "Can view company", "content_type": 9, "codename": "view_company"}}, {"model": "auth.permission", "pk": 41, "fields": {"name": "Can add color", "content_type": 10, "codename": "add_color"}}, {"model": "auth.permission", "pk": 42, "fields": {"name": "Can change color", "content_type": 10, "codename": "change_color"}}, {"model": "auth.permission", "pk": 43, "fields": {"name": "Can delete color", "content_type": 10, "codename": "delete_color"}}, {"model": "auth.permission", "pk": 44, "fields": {"name": "Can view color", "content_type": 10, "codename": "view_color"}}, {"model": "auth.permission", "pk": 45, "fields": {"name": "Can add site", "content_type": 11, "codename": "add_site"}}, {"model": "auth.permission", "pk": 46, "fields": {"name": "Can change site", "content_type": 11, "codename": "change_site"}}, {"model": "auth.permission", "pk": 47, "fields": {"name": "Can delete site", "content_type": 11, "codename": "delete_site"}}, {"model": "auth.permission", "pk": 48, "fields": {"name": "Can view site", "content_type": 11, "codename": "view_site"}}, {"model": "auth.permission", "pk": 49, "fields": {"name": "Can add email address", "content_type": 12, "codename": "add_emailaddress"}}, {"model": "auth.permission", "pk": 50, "fields": {"name": "Can change email address", "content_type": 12, "codename": "change_emailaddress"}}, {"model": "auth.permission", "pk": 51, "fields": {"name": "Can delete email address", "content_type": 12, "codename": "delete_emailaddress"}}, {"model": "auth.permission", "pk": 52, "fields": {"name": "Can view email address", "content_type": 12, "codename": "view_emailaddress"}}, {"model": "auth.permission", "pk": 53, "fields": {"name": "Can add email confirmation", "content_type": 13, "codename": "add_emailconfirmation"}}, {"model": "auth.permission", "pk": 54, "fields": {"name": "Can change email confirmation", "content_type": 13, "codename": "change_emailconfirmation"}}, {"model": "auth.permission", "pk": 55, "fields": {"name": "Can delete email confirmation", "content_type": 13, "codename": "delete_emailconfirmation"}}, {"model": "auth.permission", "pk": 56, "fields": {"name": "Can view email confirmation", "content_type": 13, "codename": "view_emailconfirmation"}}, {"model": "auth.permission", "pk": 57, "fields": {"name": "Can add social account", "content_type": 14, "codename": "add_socialaccount"}}, {"model": "auth.permission", "pk": 58, "fields": {"name": "Can change social account", "content_type": 14, "codename": "change_socialaccount"}}, {"model": "auth.permission", "pk": 59, "fields": {"name": "Can delete social account", "content_type": 14, "codename": "delete_socialaccount"}}, {"model": "auth.permission", "pk": 60, "fields": {"name": "Can view social account", "content_type": 14, "codename": "view_socialaccount"}}, {"model": "auth.permission", "pk": 61, "fields": {"name": "Can add social application", "content_type": 15, "codename": "add_socialapp"}}, {"model": "auth.permission", "pk": 62, "fields": {"name": "Can change social application", "content_type": 15, "codename": "change_socialapp"}}, {"model": "auth.permission", "pk": 63, "fields": {"name": "Can delete social application", "content_type": 15, "codename": "delete_socialapp"}}, {"model": "auth.permission", "pk": 64, "fields": {"name": "Can view social application", "content_type": 15, "codename": "view_socialapp"}}, {"model": "auth.permission", "pk": 65, "fields": {"name": "Can add social application token", "content_type": 16, "codename": "add_socialtoken"}}, {"model": "auth.permission", "pk": 66, "fields": {"name": "Can change social application token", "content_type": 16, "codename": "change_socialtoken"}}, {"model": "auth.permission", "pk": 67, "fields": {"name": "Can delete social application token", "content_type": 16, "codename": "delete_socialtoken"}}, {"model": "auth.permission", "pk": 68, "fields": {"name": "Can view social application token", "content_type": 16, "codename": "view_socialtoken"}}, {"model": "auth.permission", "pk": 69, "fields": {"name": "Can add category", "content_type": 17, "codename": "add_category"}}, {"model": "auth.permission", "pk": 70, "fields": {"name": "Can change category", "content_type": 17, "codename": "change_category"}}, {"model": "auth.permission", "pk": 71, "fields": {"name": "Can delete category", "content_type": 17, "codename": "delete_category"}}, {"model": "auth.permission", "pk": 72, "fields": {"name": "Can view category", "content_type": 17, "codename": "view_category"}}, {"model": "auth.permission", "pk": 73, "fields": {"name": "Can add tag", "content_type": 18, "codename": "add_tag"}}, {"model": "auth.permission", "pk": 74, "fields": {"name": "Can change tag", "content_type": 18, "codename": "change_tag"}}, {"model": "auth.permission", "pk": 75, "fields": {"name": "Can delete tag", "content_type": 18, "codename": "delete_tag"}}, {"model": "auth.permission", "pk": 76, "fields": {"name": "Can view tag", "content_type": 18, "codename": "view_tag"}}, {"model": "auth.permission", "pk": 77, "fields": {"name": "Can add comment", "content_type": 19, "codename": "add_comment"}}, {"model": "auth.permission", "pk": 78, "fields": {"name": "Can change comment", "content_type": 19, "codename": "change_comment"}}, {"model": "auth.permission", "pk": 79, "fields": {"name": "Can delete comment", "content_type": 19, "codename": "delete_comment"}}, {"model": "auth.permission", "pk": 80, "fields": {"name": "Can view comment", "content_type": 19, "codename": "view_comment"}}, {"model": "auth.user", "pk": 1, "fields": {"password": "pbkdf2_sha256$260000$V5qUv1iJYqgAKrtQ8sbjRO$bfZf+B/toV7j65oioRFtWiHa/AQFoe8d7vrU+/+MMhc=", "last_login": "2021-12-19T15:22:58.943Z", "is_superuser": true, "username": "leesu", "first_name": "", "last_name": "", "email": "leesurin99@duksung.ac.kr", "is_staff": true, "is_active": true, "date_joined": "2021-11-24T13:28:53.024Z", "groups": [], "user_permissions": []}}, {"model": "auth.user", "pk": 2, "fields": {"password": "!mzKrRLwhxmZKmgUqSTklx94jFLAXBJ9UaoMzv0Yn", "last_login": "2021-12-17T12:46:00.117Z", "is_superuser": false, "username": "leesurin99", "first_name": "수린", "last_name": "이", "email": "leesurin99@gmail.com", "is_staff": true, "is_active": true, "date_joined": "2021-12-08T08:43:28Z", "groups": [], "user_permissions": []}}, {"model": "auth.user", "pk": 3, "fields": {"password": "!MqNi9QCwQvBy0J1NOrGvJGxhsotTWc7NUpJkpI4I", "last_login": "2021-12-10T15:39:59.757Z", "is_superuser": false, "username": "이수린", "first_name": "", "last_name": "", "email": "leesurin99@naver.com", "is_staff": false, "is_active": true, "date_joined": "2021-12-10T15:39:45.628Z", "groups": [], "user_permissions": []}}, {"model": "auth.user", "pk": 4, "fields": {"password": "pbkdf2_sha256$260000$3VdOFsXwUhb1Wocqq4Wc2p$7yto8wXhVb15FuBi2MHU2DRBnDwmnBrh6axMvTMpqMQ=", "last_login": "2021-12-19T11:53:48.477Z", "is_superuser": false, "username": "tnfls99", "first_name": "", "last_name": "", "email": "tnfls@naver.com", "is_staff": false, "is_active": true, "date_joined": "2021-12-19T11:53:48.341Z", "groups": [], "user_permissions": []}}, {"model": "contenttypes.contenttype", "pk": 1, "fields": {"app_label": "admin", "model": "logentry"}}, {"model": "contenttypes.contenttype", "pk": 2, "fields": {"app_label": "auth", "model": "permission"}}, {"model": "contenttypes.contenttype", "pk": 3, "fields": {"app_label": "auth", "model": "group"}}, {"model": "contenttypes.contenttype", "pk": 4, "fields": {"app_label": "auth", "model": "user"}}, {"model": "contenttypes.contenttype", "pk": 5, "fields": {"app_label": "contenttypes", "model": "contenttype"}}, {"model": "contenttypes.contenttype", "pk": 6, "fields": {"app_label": "sessions", "model": "session"}}, {"model": "contenttypes.contenttype", "pk": 7, "fields": {"app_label": "shop", "model": "good"}}, {"model": "contenttypes.contenttype", "pk": 8, "fields": {"app_label": "shop", "model": "size"}}, {"model": "contenttypes.contenttype", "pk": 9, "fields": {"app_label": "shop", "model": "company"}}, {"model": "contenttypes.contenttype", "pk": 10, "fields": {"app_label": "shop", "model": "color"}}, {"model": "contenttypes.contenttype", "pk": 11, "fields": {"app_label": "sites", "model": "site"}}, {"model": "contenttypes.contenttype", "pk": 12, "fields": {"app_label": "account", "model": "emailaddress"}}, {"model": "contenttypes.contenttype", "pk": 13, "fields": {"app_label": "account", "model": "emailconfirmation"}}, {"model": "contenttypes.contenttype", "pk": 14, "fields": {"app_label": "socialaccount", "model": "socialaccount"}}, {"model": "contenttypes.contenttype", "pk": 15, "fields": {"app_label": "socialaccount", "model": "socialapp"}}, {"model": "contenttypes.contenttype", "pk": 16, "fields": {"app_label": "socialaccount", "model": "socialtoken"}}, {"model": "contenttypes.contenttype", "pk": 17, "fields": {"app_label": "shop", "model": "category"}}, {"model": "contenttypes.contenttype", "pk": 18, "fields": {"app_label": "shop", "model": "tag"}}, {"model": "contenttypes.contenttype", "pk": 19, "fields": {"app_label": "shop", "model": "comment"}}, {"model": "sessions.session", "pk": "560vegbvq2op2v1g787aw44fmolpj4j7", "fields": {"session_data": ".eJxVjEEOwiAQRe_C2hDogIBL9z0DGZhBqoYmpV0Z765NutDtf-_9l4i4rTVunZc4kbgILU6_W8L84LYDumO7zTLPbV2mJHdFHrTLcSZ-Xg_376Bir99aWct5gIJ-0MTOALuEPmgmKEZ5Yx1n41Sic0gQEAooXbIK1uoAZIx4fwDgTzd1:1muXdU:dptpuVmSbQ37KbBZrYM-srC6rPE-zDzVzScakyNh4iQ", "expire_date": "2021-12-21T10:23:48.430Z"}}, {"model": "sessions.session", "pk": "cjwm4qqyty4iq3g956fkol6kbdfuj2oj", "fields": {"session_data": ".eJxVjEEOwiAQRe_C2hDogIBL9z0DGZhBqoYmpV0Z765NutDtf-_9l4i4rTVunZc4kbgILU6_W8L84LYDumO7zTLPbV2mJHdFHrTLcSZ-Xg_376Bir99aWct5gIJ-0MTOALuEPmgmKEZ5Yx1n41Sic0gQEAooXbIK1uoAZIx4fwDgTzd1:1mt5eW:9PwmE1v_5lBlvDHmQFEvhSdtPB8zLTBU_a02vqdq62Q", "expire_date": "2021-12-17T10:18:52.675Z"}}, {"model": "sessions.session", "pk": "f7empoupkxu8qxczompglpq0npdtfrly", "fields": {"session_data": ".eJxVjEEOwiAQRe_C2hDogIBL9z0DGZhBqoYmpV0Z765NutDtf-_9l4i4rTVunZc4kbgILU6_W8L84LYDumO7zTLPbV2mJHdFHrTLcSZ-Xg_376Bir99aWct5gIJ-0MTOALuEPmgmKEZ5Yx1n41Sic0gQEAooXbIK1uoAZIx4fwDgTzd1:1mt9W6:Ncw3cUXh5tXxkpypUyRUL65L9qpyPmelI771O-vGsw8", "expire_date": "2021-12-17T14:26:26.548Z"}}, {"model": "sessions.session", "pk": "ff5unbwsr69jjfgo41daezpmwfsgp2pd", "fields": {"session_data": ".eJxVjEEOwiAQRe_C2hDogIBL9z0DGZhBqoYmpV0Z765NutDtf-_9l4i4rTVunZc4kbgILU6_W8L84LYDumO7zTLPbV2mJHdFHrTLcSZ-Xg_376Bir99aWct5gIJ-0MTOALuEPmgmKEZ5Yx1n41Sic0gQEAooXbIK1uoAZIx4fwDgTzd1:1mq81h:5NIRkuAdLHlI3Jk6P87VlSIh2sz4jU1HCZQ_WNpxosg", "expire_date": "2021-12-09T06:14:33.083Z"}}, {"model": "sessions.session", "pk": "fpxeh1mda5jlpwnhco1l0zzzcym7qz88", "fields": {"session_data": ".eJxVjMEOwiAQBf-FsyFQQEqP3v0GsrCLRQ00pU00xn_XJj3o9c28eTEP6zL6tdHsM7KBSXb43QLEG5UN4BXKpfJYyzLnwDeF77Txc0W6n3b3LzBCG79vYQzFTiXoO4lktSIboHeSUCUtem0sRW1FwKMLyoFKSsgUhTNGOoVab9FGreVaPD2mPD_ZIN4ff8k-sg:1my6Xa:AaQbMYt_DpI4HvXcz_UgWT-1RaYkHy2ragtkdbAU5OE", "expire_date": "2021-12-31T06:16:26.428Z"}}, {"model": "sessions.session", "pk": "fvg1qmao64nq2eani1qhzschj6mhya6h", "fields": {"session_data": "eyJzb2NpYWxhY2NvdW50X3N0YXRlIjpbeyJwcm9jZXNzIjoibG9naW4iLCJzY29wZSI6IiIsImF1dGhfcGFyYW1zIjoiIn0sImZnbnRlUHV2enBXbyJdfQ:1mvweS:d9fxGR6JjH1Uz56NOSc9LXs2OQgyAEWh3NxzNsUc2A0", "expire_date": "2021-12-25T07:18:36.780Z"}}, {"model": "sessions.session", "pk": "j3rbtjtedl9k3z4ampijnd9nevqepn4j", "fields": {"session_data": ".eJxVjEEOwiAQRe_C2hDogIBL9z0DGZhBqoYmpV0Z765NutDtf-_9l4i4rTVunZc4kbgILU6_W8L84LYDumO7zTLPbV2mJHdFHrTLcSZ-Xg_376Bir99aWct5gIJ-0MTOALuEPmgmKEZ5Yx1n41Sic0gQEAooXbIK1uoAZIx4fwDgTzd1:1myR8T:MBL6u1DIsVuOaY8vaMH6eSwiFkO1Mr8FM1ksBiXUkV4", "expire_date": "2022-01-01T04:15:53.726Z"}}, {"model": "sessions.session", "pk": "kju6gybbacp2at0gpow7kz62npv9wmxn", "fields": {"session_data": ".eJxVjEEOwiAQRe_C2pDCQAWX7j0DmWFAqgaS0q6MdzckXej2v_f-WwTctxL2ntawsLgIJU6_G2F8pjoAP7Dem4ytbutCcijyoF3eGqfX9XD_Dgr2MuqMwGzYeHaKfPJMoBypaKwBnqybbOazBg2WPWrjM3qiqLSBeXaA4vMF9mU30g:1myy1a:CdRWWqAh8dZGFtLtlqkCAwDGJEeaTVlvnvz3Bcn-wqw", "expire_date": "2022-01-02T15:22:58.945Z"}}, {"model": "sessions.session", "pk": "nmyglr9z8usfiq9mu89tb9ljcq1al56x", "fields": {"session_data": ".eJxVjMEOwiAQRP-Fs2nKYoX1pj9Clu0SiA1NBE7Gf7c1Pehx3sy8l_LUW_K9ytPnWV0VqNMvC8QPKXtBy7LjgZjXXtrw3Rx1HW5bktIyU8truR-vP1WimjaPkLaCNDkG7QSYQDAaEwXBktFxCjBrNAgR9RjQWAZiO4azc_oSyKn3B8bMPEs:1mx6ZB:3feMU2UigQWYpLZXZzdbQvJ4ZsYvdHI_ihy-r70CfPo", "expire_date": "2021-12-28T12:05:57.713Z"}}, {"model": "sessions.session", "pk": "z4aakl38dj2hhxojwstqgpadz7ph56p7", "fields": {"session_data": ".eJxVjEEOwiAQRe_C2hDogIBL9z0DGZhBqoYmpV0Z765NutDtf-_9l4i4rTVunZc4kbgILU6_W8L84LYDumO7zTLPbV2mJHdFHrTLcSZ-Xg_376Bir99aWct5gIJ-0MTOALuEPmgmKEZ5Yx1n41Sic0gQEAooXbIK1uoAZIx4fwDgTzd1:1ms4GI:8eCob8QCTWq-w4mUylpPpC1n75hP_SzXgOOr6XfJ80Y", "expire_date": "2021-12-14T14:37:38.872Z"}}, {"model": "sessions.session", "pk": "zir6cjzv5abgu3vh0wip851emi6q9f9q", "fields": {"session_data": ".eJxVjEEOwiAQRe_C2hDogIBL9z0DGZhBqoYmpV0Z765NutDtf-_9l4i4rTVunZc4kbgILU6_W8L84LYDumO7zTLPbV2mJHdFHrTLcSZ-Xg_376Bir99aWct5gIJ-0MTOALuEPmgmKEZ5Yx1n41Sic0gQEAooXbIK1uoAZIx4fwDgTzd1:1myvwG:F-NcN6k550ALlc3KJGo78unYDZugzS66f-nB-MCGi1M", "expire_date": "2022-01-02T13:09:20.342Z"}}, {"model": "sites.site", "pk": 1, "fields": {"domain": "127.0.0.1:8000", "name": "Internet Programming final project server"}}, {"model": "sites.site", "pk": 2, "fields": {"domain": "http://127.0.0.1:8000/accounts/login/kakao/callback/", "name": "kakao login"}}, {"model": "account.emailaddress", "pk": 1, "fields": {"user": 2, "email": "leesurin99@gmail.com", "verified": true, "primary": true}}, {"model": "account.emailaddress", "pk": 2, "fields": {"user": 3, "email": "leesurin99@naver.com", "verified": false, "primary": true}}, {"model": "account.emailaddress", "pk": 3, "fields": {"user": 4, "email": "tnfls@naver.com", "verified": false, "primary": true}}, {"model": "socialaccount.socialapp", "pk": 1, "fields": {"provider": "google", "name": "google", "client_id": "802214463432-b88444rbk8dokip251ffkepaq5b6ecn0.apps.googleusercontent.com", "secret": "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", "key": "", "sites": [1]}}, {"model": "socialaccount.socialapp", "pk": 2, "fields": {"provider": "kakao", "name": "kakao", "client_id": "8e531469f561d2a9b2e790a830aa46d3", "secret": "none", "key": "", "sites": [1, 2]}}, {"model": "socialaccount.socialaccount", "pk": 1, "fields": {"user": 2, "provider": "google", "uid": "100622712311116278113", "last_login": "2021-12-17T12:46:00.109Z", "date_joined": "2021-12-08T08:43:28.245Z", "extra_data": "{\"id\": \"100622712311116278113\", \"email\": \"leesurin99@gmail.com\", \"verified_email\": true, \"name\": \"\\uc774\\uc218\\ub9b0\", \"given_name\": \"\\uc218\\ub9b0\", \"family_name\": \"\\uc774\", \"picture\": \"https://lh3.googleusercontent.com/a-/AOh14GjebKfM4do8EtXvI8Su2zxFX5dKJau8PWam5HcO888=s96-c\", \"locale\": \"ko\"}"}}, {"model": "socialaccount.socialaccount", "pk": 2, "fields": {"user": 3, "provider": "kakao", "uid": "2028286881", "last_login": "2021-12-10T15:39:59.748Z", "date_joined": "2021-12-10T15:39:59.748Z", "extra_data": "{\"id\": 2028286881, \"connected_at\": \"2021-12-10T15:39:46Z\", \"properties\": {\"nickname\": \"\\uc774\\uc218\\ub9b0\"}, \"kakao_account\": {\"profile_nickname_needs_agreement\": false, \"profile\": {\"nickname\": \"\\uc774\\uc218\\ub9b0\"}}}"}}, {"model": "socialaccount.socialtoken", "pk": 1, "fields": {"app": 1, "account": 1, "token": "ya29.a0ARrdaM9LtLV6itR4JryIrQRBflfjHm5UmGlrYeQCCFdltQgZceRbpeqoy7x0wsLZmBwRXopuBbEU-guHsAsP8ItjUcOoHgNoopn_maFDj4BoUwhxeqWBozsn1F6IFc4OebzuC0Qkrrbl-mzm3lzS_qCMbvHP9A", "token_secret": "", "expires_at": "2021-12-17T13:45:58.896Z"}}, {"model": "socialaccount.socialtoken", "pk": 2, "fields": {"app": 2, "account": 2, "token": "vDfl4v3vBKyQ_qAbsoe2ejnQhP_QP3kj0RN43AopcBQAAAF9pQAUJg", "token_secret": "8hXcaxoIEr67pjB8N8GXUb-4u29Hpxuxi90eJQopcBQAAAF9pQAUJA", "expires_at": "2021-12-10T21:39:44.558Z"}}, {"model": "shop.company", "pk": 1, "fields": {"com_name": "데쥬(DEJOU)", "address": "02582 서울특별시 동대문구 하정로 40-3 (신설동) 4층", "contact": "1522-8987", "com_url": "http://dejou.co.kr", "bank_account": "국민 033201-04-176511", "logo": "shop/images/logo/스크린샷_2021-12-18_오후_11.55.11.png"}}, {"model": "shop.company", "pk": 2, "fields": {"com_name": "하비언니", "address": "17849 경기도 평택시 평남로 1063 (동삭동) 동원빌딩 5층 하비언니", "contact": "1688-7416", "com_url": "https://habi-unni.com", "bank_account": "우리 1002-356-018224", "logo": "shop/images/logo/스크린샷_2021-12-18_오후_11.53.05.png"}}, {"model": "shop.company", "pk": 3, "fields": {"com_name": "프롬뮤즈", "address": "15802 경기도 군포시 고산로677번길 12 (산본동) 동백(우성)아파트 1310-301", "contact": "010-5687-0725", "com_url": "http://from-muse.kr", "bank_account": "국민은행 639001-01679488", "logo": "shop/images/logo/스크린샷_2021-12-18_오후_11.55.50.png"}}, {"model": "shop.company", "pk": 4, "fields": {"com_name": "애니원모어", "address": "경기도 고양시 일산동구 강송로 153, 304-203", "contact": "070-4027-0279", "com_url": "https://anyonemore.kr", "bank_account": "국민 291601-04-180022", "logo": "shop/images/logo/스크린샷_2021-12-18_오후_11.50.56.png"}}, {"model": "shop.company", "pk": 5, "fields": {"com_name": "베이델리", "address": "인천광역시 부평구 부평대로 329번길 86 위드앤 4층", "contact": "070-4411-9099", "com_url": "https://beidelli.com", "bank_account": "기업 119-194113-04-028", "logo": "shop/images/logo/스크린샷_2021-12-18_오후_11.54.23.png"}}, {"model": "shop.company", "pk": 6, "fields": {"com_name": "하몽", "address": "04410 서울특별시 용산구 한남동 113-2", "contact": "유선 전화상담이 어렵습니다. Q&A 게시판에 남겨주세요.", "com_url": "http://hamong.kr", "bank_account": "우리 1002 - 056 - 946640", "logo": "shop/images/logo/스크린샷_2021-12-19_오전_12.20.03.png"}}, {"model": "shop.category", "pk": 1, "fields": {"name": "아우터", "slug": "아우터"}}, {"model": "shop.category", "pk": 2, "fields": {"name": "상의", "slug": "상의"}}, {"model": "shop.category", "pk": 3, "fields": {"name": "스커트", "slug": "스커트"}}, {"model": "shop.category", "pk": 4, "fields": {"name": "팬츠", "slug": "팬츠"}}, {"model": "shop.category", "pk": 5, "fields": {"name": "악세사리", "slug": "악세사리"}}, {"model": "shop.category", "pk": 6, "fields": {"name": "신발", "slug": "신발"}}, {"model": "shop.category", "pk": 7, "fields": {"name": "원피스", "slug": "원피스"}}, {"model": "shop.tag", "pk": 1, "fields": {"name": "로맨틱", "slug": "로맨틱"}}, {"model": "shop.tag", "pk": 2, "fields": {"name": "페미닌", "slug": "페미닌"}}, {"model": "shop.tag", "pk": 3, "fields": {"name": "데일리", "slug": "데일리"}}, {"model": "shop.tag", "pk": 4, "fields": {"name": "유니크", "slug": "유니크"}}, {"model": "shop.tag", "pk": 5, "fields": {"name": "시크", "slug": "시크"}}, {"model": "shop.tag", "pk": 6, "fields": {"name": "시크 유니크 데일리 캐주얼 아메카지", "slug": "시크-유니크-데일리-캐주얼-아메카지"}}, {"model": "shop.tag", "pk": 7, "fields": {"name": "캐주얼", "slug": "캐주얼"}}, {"model": "shop.tag", "pk": 8, "fields": {"name": "아메카지", "slug": "아메카지"}}, {"model": "shop.color", "pk": 1, "fields": {"color": "멜란지", "company": 1}}, {"model": "shop.color", "pk": 2, "fields": {"color": "그레이", "company": 1}}, {"model": "shop.color", "pk": 3, "fields": {"color": "블랙", "company": 1}}, {"model": "shop.color", "pk": 4, "fields": {"color": "크림", "company": 1}}, {"model": "shop.color", "pk": 5, "fields": {"color": "베이지", "company": 1}}, {"model": "shop.color", "pk": 6, "fields": {"color": "브라운", "company": 1}}, {"model": "shop.color", "pk": 7, "fields": {"color": "핑크", "company": 1}}, {"model": "shop.color", "pk": 8, "fields": {"color": "크림베이지", "company": 1}}, {"model": "shop.color", "pk": 9, "fields": {"color": "그레이소라", "company": 1}}, {"model": "shop.color", "pk": 10, "fields": {"color": "소라", "company": 1}}, {"model": "shop.color", "pk": 11, "fields": {"color": "차콜", "company": 1}}, {"model": "shop.color", "pk": 12, "fields": {"color": "화이트", "company": 1}}, {"model": "shop.color", "pk": 13, "fields": {"color": "카멜", "company": 1}}, {"model": "shop.color", "pk": 14, "fields": {"color": "네이비", "company": 1}}, {"model": "shop.color", "pk": 15, "fields": {"color": "블랙", "company": 4}}, {"model": "shop.color", "pk": 16, "fields": {"color": "네이비", "company": 3}}, {"model": "shop.color", "pk": 17, "fields": {"color": "블랙", "company": 3}}, {"model": "shop.color", "pk": 18, "fields": {"color": "아이보리", "company": 3}}, {"model": "shop.color", "pk": 19, "fields": {"color": "아이보리", "company": 2}}, {"model": "shop.color", "pk": 20, "fields": {"color": "블랙", "company": 2}}, {"model": "shop.color", "pk": 21, "fields": {"color": "그레이", "company": 3}}, {"model": "shop.color", "pk": 22, "fields": {"color": "블랙", "company": 5}}, {"model": "shop.color", "pk": 23, "fields": {"color": "그린", "company": 6}}, {"model": "shop.color", "pk": 24, "fields": {"color": "블랙", "company": 6}}, {"model": "shop.color", "pk": 25, "fields": {"color": "레드", "company": 6}}, {"model": "shop.color", "pk": 26, "fields": {"color": "아이보리", "company": 6}}, {"model": "shop.color", "pk": 27, "fields": {"color": "진청", "company": 6}}, {"model": "shop.color", "pk": 28, "fields": {"color": "그레이", "company": 6}}, {"model": "shop.color", "pk": 29, "fields": {"color": "차콜", "company": 6}}, {"model": "shop.color", "pk": 30, "fields": {"color": "카키", "company": 6}}, {"model": "shop.color", "pk": 31, "fields": {"color": "베이지", "company": 6}}, {"model": "shop.color", "pk": 32, "fields": {"color": "브라운", "company": 6}}, {"model": "shop.size", "pk": 1, "fields": {"version": "Small"}}, {"model": "shop.size", "pk": 2, "fields": {"version": "Medium"}}, {"model": "shop.size", "pk": 3, "fields": {"version": "Large"}}, {"model": "shop.size", "pk": 4, "fields": {"version": "Free"}}, {"model": "shop.size", "pk": 5, "fields": {"version": "230"}}, {"model": "shop.size", "pk": 6, "fields": {"version": "235"}}, {"model": "shop.size", "pk": 7, "fields": {"version": "240"}}, {"model": "shop.size", "pk": 8, "fields": {"version": "245"}}, {"model": "shop.size", "pk": 9, "fields": {"version": "250"}}, {"model": "shop.good", "pk": 2, "fields": {"name": "back point satin OPS", "about": "백 스트링으로 2way 착용이 가능한 롱원피스.\r\n맥시한 기장감을 가지고 있으며 가볍고 실키한 소재감으로 무드있는 분위기를 연출해줍니다.\r\n\r\n사이즈는 free로 끈 제외한 총장은 115, 어깨 27, 가슴 27, 허리(밴딩) 32, 밑단 62 입니다. 색상은 gray, black 두가지 입니다.", "price": 43000, "inventory": 35, "image": "shop/images/IMG_4457.jpg", "from_url": "http://from-muse.kr/product/back-point-satin-ops/295/category/44/display/1/#prdDetail", "company": 3, "category": 7, "user_com": 1, "size": [4], "color": [17, 21], "tag": [2, 4]}}, {"model": "shop.good", "pk": 3, "fields": {"name": "6208 베이비돌 캉캉셔츠 미디원피스(3color)", "about": "업뎃전부터 문의폭주!!!\r\n\r\n적당한 기장감에 넉넉한 사이즈라서\r\n부해보임없이 진짜 이쁘게 떨어지는 핏의 베이비도 원피스에유~~\r\n\r\n기장감이 많이 짧지않아서 안에 속바지 안입어도\r\n될정도의 부담없는 기장감이구용!\r\n\r\n77반까지 입기 좋은 사이즈일거예유 ㅎㅎㅎ\r\n\r\n저는 안에 스킨컬러 속옷만 입어주었는데도\r\n비침이 거의 없더라구용!!", "price": 26800, "inventory": 22, "image": "shop/images/IMG_4475.jpg", "from_url": "https://habi-unni.com/product/6208-%EB%B2%A0%EC%9D%B4%EB%B9%84%EB%8F%8C-%EC%BA%89%EC%BA%89%EC%85%94%EC%B8%A0-%EB%AF%B8%EB%94%94%EC%9B%90%ED%94%BC%EC%8A%A43color/6259/category/43/display/1/", "company": 2, "category": 7, "user_com": 1, "size": [4], "color": [19, 20], "tag": [1, 3]}}, {"model": "shop.good", "pk": 4, "fields": {"name": "hairy maram fur CD", "about": "- 헤어감이 느껴지는 퍼 가디건\r\n- 크롭한 기장으로 캐주얼한 무드\r\n- 소매 라인의 핀턱으로 포인트\r\n\r\n사이즈는 free로 총장은 43, 목 17, 어깨 53, 가슴 57 입니다.\r\n\r\n색상은 아이보리, 네이비, 블랙 세가지가 있습니다.\r\n취향에 맞게 골라주세요 ;)", "price": 61000, "inventory": 13, "image": "shop/images/IMG_4476.jpg", "from_url": "http://from-muse.kr/product/hairy-maran-fur-cd/666/category/1/display/3/", "company": 3, "category": 1, "user_com": 1, "size": [4], "color": [16, 17, 18], "tag": [2, 4]}}, {"model": "shop.good", "pk": 5, "fields": {"name": "메리더블롱코트", "about": "데쥬에서 준비한 고퀄리티 더블코트 보여드릴게요~\r\n깔끔하면서도 교복처럼 입기좋은 더블단추 디자인데 네이비 원컬러로\r\n어디에나 톡톡 쉽게 매치해서 입기 좋은 롱코트 아이템 입니다\r\n\r\n도톰 + 따스한 원단감으로 겨울을 쭉 보내기 좋은 코트입니다\r\n롱한 기장감이 다리까지 싹 덮어주다 보니 전체적으로 안정적으로 코디하기에도 GOOD!\r\n클래식한 무드로 셔츠와 함께 입어도, 데일리하게 후드티나 니트와 매치해서 입어도 좋아요\r\n\r\n낙낙한 포켓 디테일에 부드럽게 떨어지는 어깨라인으로 여리여리한 실루엣으로\r\n연출되는 데일리 아우터 아이템, 매일매일 손이가는 코트입니다\r\n겨울동안 교복처럼 입을 수 있는 롱코트를 데쥬에서 소장해보세요 :)", "price": 59000, "inventory": 0, "image": "shop/images/IMG_4477.jpg", "from_url": "http://dejou.co.kr/product/detail.html?product_no=15166&cate_no=33&display_group=1", "company": 1, "category": 1, "user_com": 2, "size": [4], "color": [14], "tag": [2, 3]}}, {"model": "shop.good", "pk": 6, "fields": {"name": "밀키스웨이드BAG (2colors!)", "about": "깔끔한 스퀘어 쉐잎에 넉넉한 수납공간으로\r\n데일리하게 함께하기 좋은 숄더백\r\n\r\n베이직한 2가지 컬러구성으로 어디에나 쉽게 매치하기 좋은 가방\r\n\r\n유연한 느낌의 스퀘어 쉐입으로 세련된 느낌으로 연출됩니다\r\n\r\n365 demos, basic and simple\r\ndesign wear", "price": 25500, "inventory": 0, "image": "shop/images/IMG_4478.jpg", "from_url": "http://dejou.co.kr/product/detail.html?product_no=15162&cate_no=1&display_group=3", "company": 1, "category": 5, "user_com": 2, "size": [4], "color": [3, 13], "tag": [2, 3, 4]}}, {"model": "shop.good", "pk": 7, "fields": {"name": "소프트캐시브이넥니트 (4colors!)", "about": "하이퀄리티 캐시미어 브이넥 니트 보여드릴게요\r\n\r\n손등을 덮어주는 소매기장으로 코트 소매 밖으로 슬쩍 나오는\r\n실루엣을 그리며 포근하고 폭닥한 무드를 연출할 수 있어요\r\n\r\n부담스럽지 않게 파인 브이넥 디자인으로 답답해 보이지 않고 여리여리해 보인답니다\r\n\r\n폴리, 아크릴, 스판, 캐시미어 혼방 소재로\r\n까슬림없이 부드럽고 편하게 입어질 거예요", "price": 25500, "inventory": 44, "image": "shop/images/IMG_4479.jpg", "from_url": "http://dejou.co.kr/product/detail.html?product_no=15164&cate_no=1&display_group=3", "company": 1, "category": 2, "user_com": 2, "size": [4], "color": [1, 5, 10, 11], "tag": [3]}}, {"model": "shop.good", "pk": 8, "fields": {"name": "퓨어플리츠롱 OPS (3colors!)", "about": "로맨틱한 무드로 코디할 수 있는 롱한 기장감의 플리츠 원피스\r\n\r\n따뜻하면서 편안하게 어디에나 레이어드 하기 좋아요\r\n\r\n도톰한 원단에 베이직한 디자인의 #퓨어프리츠롱OPS", "price": 20900, "inventory": 48, "image": "shop/images/IMG_4480.jpg", "from_url": "http://dejou.co.kr/product/detail.html?product_no=15153&cate_no=1&display_group=3", "company": 1, "category": 7, "user_com": 2, "size": [4], "color": [3, 5, 11], "tag": [1, 2]}}, {"model": "shop.good", "pk": 9, "fields": {"name": "벨루아메리제인플랫슈즈", "about": "누구나 귀엽고 로맨틱하게 코디하기 좋은 실루엣의 슈즈\r\n\r\n편안한 착화감까지 매력적인 아이템 :)\r\n\r\n베이직한 디자인으로 안어울리는 코디가 없어요\r\n편안한 착화감으로 캐주얼하게 신기좋은 슈즈\r\n\r\nCOLOR 블랙\r\nSIZE (230-250)\r\n앞굽 : 0.2cm / 뒷굽 : 1cm", "price": 27500, "inventory": 23, "image": "shop/images/IMG_4481.jpg", "from_url": "http://dejou.co.kr/product/detail.html?product_no=15138&cate_no=1&display_group=3", "company": 1, "category": 6, "user_com": 2, "size": [5, 6, 7, 8], "color": [3], "tag": [1, 2, 3]}}, {"model": "shop.good", "pk": 10, "fields": {"name": "꽈배기레그워머 (3colors!)", "about": "베이직한 컬러 + 어디에나 매치하기 좋은 레이어드 아이템\r\n다리를 감싸줘서 더욱 따듯한 무드의 레그워머\r\n\r\n데일리하게 착용하기 좋은 디자인으로 코디의 마무리를 장식해보세요 *.*", "price": 16500, "inventory": 11, "image": "shop/images/IMG_4482.jpg", "from_url": "http://dejou.co.kr/product/detail.html?product_no=15137&cate_no=1&display_group=3", "company": 1, "category": 5, "user_com": 2, "size": [4], "color": [2, 3, 4], "tag": [3, 4]}}, {"model": "shop.good", "pk": 11, "fields": {"name": "(기획, DEJOU!) 허니듀숏패딩 (4colors!)", "about": "입자마자 느껴지는 가벼움으로 편안하게 입기 좋은 패딩\r\n데일리한 컬러구성과 디자인으로 이번 겨울\r\n필수 소장해야 할 베이직 #허니듀숏패딩\r\n\r\n가벼운 착용감과 확실한 보온성으로 편하게 입어주세요 :)", "price": 31900, "inventory": 467, "image": "shop/images/IMG_4483.jpg", "from_url": "http://dejou.co.kr/product/detail.html?product_no=14250&cate_no=1&display_group=3", "company": 1, "category": 1, "user_com": 2, "size": [4], "color": [3, 8, 9, 12], "tag": [3]}}, {"model": "shop.good", "pk": 12, "fields": {"name": "모헤어꽈배기카라가디건 (4colors!)", "about": "탄탄하고 도톰한 꽈배기 짜임의 가디건 소개해드려요\r\n\r\n토돔하고 부드러움이 느껴지는 소재로\r\n까슬거림 없이 포근하고 따듯하게 착용하기 좋아요\r\n\r\n카라 넥 디자인으로 귀여운 듯 단정하게 연출되고,\r\n소매단과 밑단이 단단하게 마감 처리되어\r\n늘어짐 걱정 없이 입으실 수 있답니다\r\n\r\n넉넉한 폼으로 티셔츠나 폴라 등 이너와 레이어드해서\r\n입어도 불편함 없이 입으실 수 있어요\r\n가볍게 단독으로 착용하기에 좋은 아이템이랍니다 :)", "price": 36500, "inventory": 13, "image": "shop/images/IMG_4484.jpg", "from_url": "http://dejou.co.kr/product/detail.html?product_no=15062&cate_no=33&display_group=1", "company": 1, "category": 1, "user_com": 2, "size": [4], "color": [2, 5, 6, 7], "tag": [1, 2, 3]}}, {"model": "shop.good", "pk": 13, "fields": {"name": "모던절개SK (4colors!)", "about": "베이직한 디자인의 스커트 보여드릴게요\r\n\r\n하이웨스트 디자인이라 허리라인은\r\n예쁘게 잡아주면서 짧지 않은\r\n미디길이감이라 부담없이 착용하기 좋답니다\r\n\r\n밋밋하지 않게 절개 스티치 라인으로\r\n포인트를 준 캐주얼한 스커트에요\r\n\r\n크림, 베이지, 브라운, 블랙\r\n네가지 컬러구성으로 준비했으니\r\n취향에 맞게 굿초이스 해주세요 :)", "price": 15500, "inventory": 12, "image": "shop/images/IMG_4485.jpg", "from_url": "http://dejou.co.kr/product/detail.html?product_no=15061&cate_no=42&display_group=1", "company": 1, "category": 3, "user_com": 2, "size": [1, 2, 3], "color": [3, 4, 5, 6], "tag": [2, 3]}}, {"model": "shop.good", "pk": 14, "fields": {"name": "(DEJOU!) 양기모오버조거PT (3colors!)", "about": "####팬츠 맛집, \r\n####믿고 입는 데쥬메이드 아이템으로 누구나 만족하실만한 아이템입니다\r\n감각적인 무드와 세련된 분위기가 동시에 느껴지는 조거 트레이닝 팬츠에요\r\n부담없이 코디하기 좋은 심플&베이직한 디자인이어서\r\n소장해두시면 두고두고 꺼내입을 데일리템이 되어줄거에요 :)\r\n\r\n트레이닝 팬츠하면 바로 생각나는 데쥬메이드!\r\n특별한 양기모 원단으로 한겨울까지 따듯하게 입기좋게 제작했습니다\r\n고퀄리티 도톰&탄탄한 원단으로 흐물거리지 않고 깔끔하게 툭 떨어지는 핏!\r\n누구나 쉽게 입기좋은 허리밴딩으로 사이즈 걱정없이 툭툭 입어주세요 :)\r\n\r\n가장 베이직한 3가지 컬러구성으로 어디에나 매치하기 좋아요\r\n고퀄리티 데쥬메이드 라인으로 돌아오는 시즌을 준비해보세요 :)", "price": 19800, "inventory": 11, "image": "shop/images/IMG_4486.jpg", "from_url": "http://dejou.co.kr/product/detail.html?product_no=15104&cate_no=41&display_group=2", "company": 1, "category": 4, "user_com": 2, "size": [4], "color": [1, 2, 3], "tag": [3]}}, {"model": "shop.good", "pk": 15, "fields": {"name": "지브 물결 앙고라 니트", "about": "- 넉넉한 핏감\r\n- 오버핏\r\n- 유니크한 디자인\r\n- 심플한 라인\r\n- 높은 매칭 활용도\r\n- 앙고라 소재", "price": 24300, "inventory": 0, "image": "shop/images/IMG_4487.jpg", "from_url": "https://anyonemore.kr/product/detail.html?product_no=1311&cate_no=1&display_group=2", "company": 4, "category": 2, "user_com": 1, "size": [4], "color": [15], "tag": [3, 4]}}, {"model": "shop.good", "pk": 16, "fields": {"name": "Short padding (3colors)", "about": "숏한 기장감에 넉넉한 아방한 핏으로 편하게 착용하기 좋으며, \r\n\r\n가벼우면서도 따뜻한 패딩으로 데일리하게 입기 좋은 아이템이에요 :)\r\n\r\n블랙컬러는 어디에나 잘어울리며,\r\n\r\n레드와 그린 컬러는 톡톡튀는 색감으로 포인트있게\r\n\r\n착용하실 수 있답니다. ♥️\r\n\r\n밑단 스트링 조절이 가능해 취향에 따라\r\n\r\n투웨이 연출이 가능하답니다 !", "price": 53000, "inventory": 15, "image": "shop/images/IMG_4580.jpg", "from_url": "http://hamong.kr/product/short-padding-3colors/449/category/24/display/1/", "company": 6, "category": 1, "user_com": 1, "size": [4], "color": [23, 24, 25], "tag": [4, 5]}}, {"model": "shop.good", "pk": 17, "fields": {"name": "Leather stitch jumper", "about": "허리까지 오는 적당한 크롭기장으로\r\n\r\n스커트와 팬츠 어디에나 매치하기 좋으며 \r\n\r\n누빔안감으로 가을 겨울 착용하기 좋은 아우터에요!\r\n\r\n레더소재에 스티치라인이 포인트가 되어주며\r\n\r\n밑단 밴딩으로 착용했을 때 핏이 너무 예쁜 아이템이랍니다 :)", "price": 59200, "inventory": 44, "image": "shop/images/IMG_4581.jpg", "from_url": "http://hamong.kr/product/leather-stitch-jumper/439/category/24/display/1/", "company": 6, "category": 1, "user_com": 1, "size": [4], "color": [24, 26], "tag": [3, 4, 5]}}, {"model": "shop.good", "pk": 18, "fields": {"name": "Faded boots cut pants", "about": "핏이며 색감이며 모든게 너무 예쁜 부츠컷 데님 팬츠를\r\n데려왔어요♥️\r\n\r\n전체적으로 허리랑 골반쪽이 타이트하게 나와서\r\n상세사이즈 꼭 확인해주시고, \r\n평소 사이즈에 한사이즈 업해서 착용하시는걸 추천드려요!\r\n\r\n군살을 꽉 잡아주면서 슬림하게 떨어지는 핏이라 \r\n몸매라인을 정말 예뻐보이게 만들어주고\r\n\r\n자연스러운 워싱으로 빈티지하면서 \r\n과하지 않은 포이튼가 되어주는 아이템이랍니다\r\n\r\n개인적으로 이 아이템은 정말 4계절 내내 \r\n유행안타고 오래도록 꺼내입을 것 같아서\r\n두컬러 전부 소장했답니다\r\n\r\n평소에 슬림한 부츠컷 좋아하시는 분들이라면\r\n고민말고 겟하시길 추천드려요 :)", "price": 36000, "inventory": 33, "image": "shop/images/IMG_4582.jpg", "from_url": "http://hamong.kr/product/faded-boots-cut-pants/424/category/35/display/1/", "company": 6, "category": 4, "user_com": 1, "size": [1, 2, 3], "color": [24, 27], "tag": [4, 5]}}, {"model": "shop.good", "pk": 19, "fields": {"name": "Wool check skirt", "about": "두툼한 울 소재로,\r\n겨울까지 따뜻하게 착용하기 좋은 스커트에요 !\r\n\r\n클래식한 체크패턴으로 \r\n특별한 무드를 연출하기에 좋고,\r\n\r\n골반에 걸쳐 착용해주는 짧은 미니스커트라 \r\n다리가 훨신 길어보이며 \r\n허리라인을 예뻐보이게 만들어주는 스커트랍니다\r\n\r\n딱 예쁘게 떨어지는 라인으로 \r\n입었을 때 정말 예쁜 핏이랍니다 :)", "price": 36000, "inventory": 45, "image": "shop/images/IMG_4583.jpg", "from_url": "http://hamong.kr/product/wool-check-skirt/407/category/34/display/1/", "company": 6, "category": 3, "user_com": 1, "size": [1, 2], "color": [25, 28], "tag": [1, 2, 3, 4, 5]}}, {"model": "shop.good", "pk": 20, "fields": {"name": "Knit OPS", "about": "두툼한 짜임으로 비침이 거의 없고,\r\n겨울까지 쭉 따뜻하게\r\n착용하실 수 있는 니트 원피스에요!\r\n\r\n꽈배기 패턴 디테일로 입체감을 주고, \r\n무릎까지 오는 넉넉한 기장감으로\r\n키크신분들과 키작으신 분들 모두 착용하실 수 있는\r\n원피스랍니다 :)", "price": 35200, "inventory": 22, "image": "shop/images/IMG_4584.jpg", "from_url": "http://hamong.kr/product/knit-ops/404/category/26/display/1/", "company": 6, "category": 7, "user_com": 1, "size": [4], "color": [24, 26, 28], "tag": [3, 4]}}, {"model": "shop.good", "pk": 21, "fields": {"name": "Hood knit OPS", "about": "쫀쫀하고 신축성 좋은 원단으로\r\n슬림한 핏으로 착용되는 원피스에요 !\r\n\r\n까슬거림없이 부드러운 니트 소재라 \r\n따뜻하면서 편하게 착용하실 수 있고,\r\n\r\n허리를 꽉 잡아주는 디자인으로\r\n몸매라인을 예쁘게 만들어준답니다\r\n\r\n후드 디테일로 유니크하면서 포인트 있게 착용하기 좋아\r\n레더자켓이나 패딩 안에 이너로 입기도 너무 예쁜 아이템이에요,,,♥️", "price": 28500, "inventory": 32, "image": "shop/images/IMG_4585.jpg", "from_url": "http://hamong.kr/product/hood-knit-ops/398/category/26/display/1/", "company": 6, "category": 1, "user_com": 1, "size": [4], "color": [24, 28], "tag": [2, 3, 4, 5]}}, {"model": "shop.good", "pk": 23, "fields": {"name": "Lettering polar T", "about": "레터링 프린팅으로 가을 겨울\r\n포인트 티셔츠로 착용하기 좋은 아이템이에요 !\r\n\r\n허리까지 오는 적당한 기장감과\r\n슬림한 핏으로 스커트와 팬츠 어디에나 매치하기 쉬우며\r\n레이어드 해서 착용해도 예쁜 티셔츠랍니다 :)\r\n\r\n전체적으로 도톰한 두께감과 스판감 좋은 원단으로\r\n편하게 착용하실 수 있어요 ♥️", "price": 23800, "inventory": 21, "image": "shop/images/IMG_4592.jpg", "from_url": "http://hamong.kr/product/lettering-t/441/category/25/display/1/", "company": 6, "category": 2, "user_com": 1, "size": [4], "color": [24, 30], "tag": [4, 5]}}, {"model": "shop.good", "pk": 25, "fields": {"name": "ugg boots (4colors)", "about": "올 겨울 꼭 소장해야하는 천연 소가죽의 어그부츠에요 !\r\n미들 기장으로, 접어서 안감이 보이도록 착용해줘도 너무 귀욥고\r\n접지않고 그대로 착용해줘도 예뻐요 :)\r\n에코 양털 안감으로 보온성은 물론 푹신한 착용감을 느낄 수 있어요\r\n\r\n평소 230 발 사이즈이지만,\r\n235로 5사이즈 반업해서 착용해주니까 딱 맞았어요 !\r\n발볼이 넓으신 분들은 10사이즈 업 해서 착용하시길 추천드려요 :)", "price": 42000, "inventory": 34, "image": "shop/images/IMG_4591_UuohZKg.jpg", "from_url": "http://hamong.kr/product/ugg-boots-5colors/417/category/28/display/1/", "company": 6, "category": 6, "user_com": 1, "size": [5, 6, 7, 8, 9], "color": [24, 28], "tag": [3, 4, 5, 7, 8]}}, {"model": "shop.comment", "pk": 1, "fields": {"good": 9, "user": 2, "content": "발도 하나도 안아프고 너무 좋아요!! 다른 색상도 구입하려구여 ㅎㅎ", "created_at": "2021-12-13T06:36:22.423Z"}}, {"model": "shop.comment", "pk": 2, "fields": {"good": 4, "user": 2, "content": "이거 입으면 힙한 느낌 쌉가능,,, 진짜 대박 이뻐요 꼭 사세요", "created_at": "2021-12-13T06:36:48.636Z"}}, {"model": "shop.comment", "pk": 3, "fields": {"good": 3, "user": 2, "content": "저한테는 조금 짧네요 ㅠㅠ 그래도 옷 자체는 이뻐여", "created_at": "2021-12-13T06:37:05.154Z"}}, {"model": "shop.comment", "pk": 4, "fields": {"good": 2, "user": 2, "content": "유니크해서 너무 예뻐요", "created_at": "2021-12-17T05:37:16.747Z"}}, {"model": "shop.comment", "pk": 5, "fields": {"good": 14, "user": 1, "content": "바지가 너무 따뜻하고 편해요 매일 이 바지만 입고 있어요", "created_at": "2021-12-17T12:50:40.517Z"}}, {"model": "shop.comment", "pk": 6, "fields": {"good": 5, "user": 1, "content": "진짜 따뜻해요!! 겨울에 이거 하나로 버틸수 있을 것 같아요 ㅎㅎㅎ 참고로 제 키는 160입니다!! 기장 아주 적절했어요.", "created_at": "2021-12-18T15:08:25.659Z"}}]